Sample, Time, ACCX, ACCY, ACCZ, MAGX, MAGY, MAGZ, GYRX, GYRY, GYRZ
0,50231.308000,249.081,29.674,-55.782,534.296,-38.089,70.503,-68.040,69.510,-39.020
1,50231.332000,247.104,30.680,-54.786,533.333,-38.055,72.463,-69.040,77.510,-43.020
2,50231.372000,245.127,32.692,-49.805,535.242,-40.927,73.384,-81.040,86.510,-45.020
3,50231.412000,247.104,32.692,-49.805,532.385,-36.123,72.504,-95.040,94.510,-48.020
4,50231.452000,248.093,31.686,-51.798,536.287,-34.014,78.443,-66.040,102.510,-51.020
5,50231.492000,247.104,35.709,-48.809,532.380,-37.935,78.347,-77.040,105.510,-50.020
6,50231.530000,248.093,34.703,-47.813,535.338,-32.082,78.483,-61.040,108.510,-44.020
7,50231.570000,245.127,40.739,-43.829,530.472,-35.926,82.311,-38.040,99.510,-18.020
8,50231.610000,246.116,44.762,-40.840,531.461,-33.953,83.337,-24.040,85.510,11.980
9,50231.626000,244.139,37.721,-42.833,530.463,-37.781,86.192,-17.040,59.510,53.980
10,50231.666000,246.116,37.721,-40.840,530.446,-38.817,83.227,9.960,35.510,74.980
11,50231.706000,246.116,40.739,-41.837,531.340,-47.437,87.941,-23.040,3.510,117.980
12,50231.746000,249.081,38.727,-42.833,532.331,-44.559,86.045,-35.040,-1.490,147.980
13,50231.786000,249.081,39.733,-43.829,529.375,-50.390,86.890,-95.040,-6.490,194.980
14,50231.832000,253.035,37.721,-42.833,530.338,-50.424,84.930,-97.040,-6.490,233.980
15,50231.872000,249.081,30.680,-41.837,530.262,-58.191,84.758,-155.040,-12.490,285.980
16,50231.912000,249.081,23.639,-46.817,531.122,-68.904,82.561,-146.040,-6.490,316.980
17,50231.952000,249.081,18.609,-48.809,527.145,-80.528,85.236,-157.040,15.510,331.980
18,50231.968000,251.058,11.568,-50.802,529.987,-86.368,83.151,-40.040,72.510,334.980
19,50232.8000,252.046,6.538,-42.833,523.237,-85.333,89.044,42.960,87.510,335.980
20,50232.48000,249.081,4.527,-32.872,523.176,-92.086,90.855,92.960,52.510,355.980
21,50232.88000,251.058,6.538,-28.887,523.086,-101.752,92.602,142.960,-2.490,374.980
22,50232.126000,249.081,-0.503,-25.899,520.031,-117.336,91.269,103.960,-122.490,424.980
23,50232.166000,253.035,1.509,-22.911,523.835,-122.325,83.321,134.960,-250.490,461.980
24,50232.213000,256.000,-3.521,-15.938,516.913,-136.155,75.154,87.960,-414.490,514.980
25,50232.253000,269.838,3.521,-14.942,516.841,-141.247,64.253,119.960,-645.490,567.980
26,50232.268000,296.525,13.580,-13.946,513.729,-159.139,46.198,169.960,-794.490,629.980
27,50232.308000,294.548,66.892,-44.825,509.682,-173.200,26.264,-367.040,-810.490,720.980
28,50232.356000,268.849,63.874,-83.673,511.278,-201.962,-2.810,-875.040,-795.490,828.980
29,50232.388000,251.058,17.603,-92.638,506.299,-209.539,-36.331,-1468.040,-853.490,825.980
30,50232.431000,240.185,132.275,-56.778,495.414,-225.176,-80.831,-2269.040,-655.490,875.980
31,50232.473000,214.486,77.957,-41.837,493.452,-221.937,-109.203,-3621.040,-213.490,896.980
32,50232.521000,220.417,60.857,-45.821,490.529,-217.758,-138.536,-2993.040,501.510,880.980
33,50232.548000,246.116,94.051,-59.767,491.419,-225.537,-139.687,-2469.040,988.510,906.980
34,50232.572000,263.907,87.010,-71.720,494.447,-216.383,-121.826,-2298.040,1506.510,720.980
35,50232.612000,279.722,89.022,-76.700,501.341,-209.866,-93.227,-2444.040,1770.510,430.980
36,50232.656000,294.548,75.945,-79.689,501.420,-208.226,-62.790,-2742.040,1939.510,126.980
37,50232.713000,297.514,71.921,-75.704,503.477,-199.988,-42.009,-2661.040,2029.510,-31.020
38,50232.805000,290.595,56.833,-91.642,495.817,-198.424,-11.590,-2165.040,2164.510,-224.020
39,50232.810000,289.606,46.774,-88.654,481.388,-197.767,24.678,-1732.040,2190.510,-445.020
40,50232.818000,248.093,-6.538,-107.580,477.647,-191.289,56.196,-1659.040,2046.510,-757.020
41,50232.851000,195.707,31.686,-128.498,473.940,-178.317,74.128,-1169.040,1350.510,-570.020
42,50232.867000,165.066,-26.656,-174.319,471.932,-182.565,58.338,-2076.040,250.510,-299.020
43,50232.907000,164.077,-41.745,-194.241,468.902,-186.455,15.097,-2001.040,-1057.490,-3.020
44,50232.947000,230.301,-19.615,-63.751,464.925,-191.045,-15.414,-805.040,-1500.490,11.980
45,50232.995000,292.571,-194.640,-146.428,463.962,-183.093,-50.544,-840.040,-1340.490,23.980
46,50233.30000,260.942,44.762,-73.712,462.012,-177.092,-85.718,-44.040,-1648.490,-272.020
47,50233.70000,248.093,101.092,-114.553,455.201,-173.123,-122.910,-1423.040,-1095.490,-91.020
48,50233.110000,281.699,-76.951,-72.716,449.364,-170.850,-149.349,-700.040,-765.490,3.980
49,50233.150000,267.861,-9.556,-66.739,443.600,-162.600,-168.792,-190.040,-646.490,-10.020
50,50233.173000,254.023,-14.585,-71.720,440.691,-161.808,-175.645,-544.040,-493.490,-31.020
51,50233.212000,243.151,18.609,-38.848,436.818,-160.120,-185.422,43.960,-408.490,-60.020
52,50233.252000,245.127,14.585,-43.829,432.921,-160.417,-197.205,-391.040,-539.490,5.980
53,50233.290000,249.081,28.668,-45.821,421.290,-158.976,-214.849,-305.040,-614.490,13.980
54,50233.330000,247.104,16.597,-53.790,416.487,-152.529,-228.446,-400.040,-694.490,74.980
55,50233.370000,244.139,13.580,-70.724,408.688,-154.935,-246.167,-403.040,-743.490,102.980
56,50233.412000,242.162,12.574,-77.696,397.987,-157.368,-263.896,-305.040,-789.490,162.980
57,50233.453000,239.197,12.574,-84.669,383.442,-157.833,-278.647,-148.040,-811.490,201.980
58,50233.470000,255.012,17.603,-81.681,371.801,-158.249,-292.410,-29.040,-874.490,265.980
59,50233.510000,261.931,-40.739,-71.720,355.154,-175.302,-310.475,-72.040,-1124.490,311.980
60,50233.550000,306.409,6.538,-86.661,325.111,-176.090,-333.111,-51.040,-1369.490,430.980
61,50233.590000,359.784,8.550,-56.778,294.930,-191.420,-355.090,265.960,-1586.490,613.980
62,50233.645000,441.822,-2.515,19.922,269.714,-195.786,-366.027,295.960,-1808.490,726.980
63,50233.726000,478.394,24.644,88.654,227.910,-213.990,-381.229,981.960,-1914.490,656.980
64,50233.735000,342.981,206.711,-181.292,180.142,-252.273,-380.218,1131.960,-2080.490,1134.980
65,50233.753000,281.699,52.809,-132.482,128.876,-249.170,-393.006,-913.040,-1557.490,1088.980
66,50233.806000,126.517,5.532,-212.171,95.989,-247.678,-398.926,-613.040,-678.490,668.980
67,50233.811000,128.494,60.857,-27.891,92.169,-245.472,-385.156,-181.040,316.510,524.980
68,50233.860000,109.714,51.804,-70.724,106.673,-248.049,-376.357,-640.040,1626.510,332.980
69,50233.897000,126.517,37.721,-86.661,132.884,-241.646,-361.449,-679.040,2423.510,46.980
70,50233.955000,161.112,31.686,-96.623,168.635,-250.531,-339.997,-731.040,3307.510,-179.020
71,50233.986000,209.544,38.727,-130.490,212.378,-234.897,-310.137,-833.040,3772.510,-338.020
72,50234.15000,289.606,43.756,-174.319,255.207,-213.490,-282.114,-1526.040,4052.510,-557.020
73,50234.51000,356.819,29.674,-188.265,297.155,-183.333,-252.917,-1730.040,4216.510,-624.020
74,50234.73000,379.552,52.809,-186.272,335.306,-145.468,-224.537,-1703.040,4210.510,-735.020
75,50234.113000,276.757,-38.727,-247.035,353.064,-116.475,-193.456,-1582.040,3508.510,-606.020
76,50234.153000,152.216,-5.532,-275.922,366.984,-83.679,-164.259,-316.040,1894.510,-713.020
77,50234.196000,159.135,97.069,-254.008,362.216,-75.139,-170.944,-169.040,-1221.490,-130.020
78,50234.231000,512.988,-122.216,159.377,342.930,-60.635,-208.909,-2096.040,-2036.490,249.980
79,50234.346000,406.239,-170.499,-113.556,312.936,-53.915,-243.146,-315.040,-2254.490,-163.020
80,50234.386000,176.927,247.953,-166.350,290.742,-43.021,-267.468,-345.040,-1859.490,-376.020
81,50234.397000,313.328,-78.963,-92.638,283.034,-37.508,-278.149,-813.040,-1113.490,-39.020
82,50234.400000,252.046,35.709,-68.732,273.390,-31.152,-293.719,291.960,-979.490,-87.020
83,50234.408000,259.954,3.521,-85.665,255.099,-19.896,-303.314,-642.040,-786.490,-182.020
84,50234.462000,256.988,20.621,-60.763,250.192,-25.898,-309.341,38.960,-547.490,-109.020
85,50234.492000,244.139,32.692,-44.825,244.358,-27.120,-318.207,-3.040,-563.490,-128.020
86,50234.547000,239.197,29.674,-43.829,231.798,-24.437,-323.077,29.960,-621.490,-93.020
87,50234.573000,238.208,30.680,-45.821,219.295,-15.930,-327.818,-180.040,-728.490,-57.020
88,50234.616000,236.232,28.668,-54.786,212.502,-16.190,-336.664,-111.040,-903.490,-14.020
89,50234.701000,236.232,26.656,-74.708,198.945,-15.567,-346.485,-123.040,-1001.490,4.980
90,50234.713000,252.046,20.621,-98.615,179.538,-19.833,-355.447,28.960,-1005.490,38.980
91,50234.721000,250.069,17.603,-97.619,159.218,-19.190,-361.359,153.960,-1041.490,48.980
92,50234.757000,264.896,11.568,-83.673,142.727,-22.414,-368.330,65.960,-1160.490,100.980
93,50234.792000,277.745,19.615,-83.673,117.521,-26.693,-375.343,182.960,-1470.490,119.980
94,50234.835000,336.062,-45.768,-82.677,95.187,-34.742,-378.511,633.960,-1643.490,42.980
95,50234.899000,465.544,-74.939,30.879,61.077,-61.242,-377.209,1370.960,-1910.490,176.980
96,50234.915000,488.278,91.033,113.556,22.106,-93.291,-361.332,2252.960,-2095.490,164.980
97,50234.962000,393.390,139.316,-209.183,-18.518,-94.485,-353.599,631.960,-2387.490,726.980
98,50235.0,265.884,54.821,-205.198,-46.479,-87.682,-340.758,609.960,-1908.490,1047.980
99,50235.18000,70.178,-7.544,-200.218,-48.305,-76.978,-338.563,408.960,-408.490,539.980
100,50235.72000,74.131,56.833,-11.953,-29.908,-76.648,-331.652,346.960,679.510,408.980
101,50235.121000,74.131,-29.674,-55.782,8.805,-76.120,-324.694,-762.040,1773.510,216.980
102,50235.130000,99.830,-56.833,-63.751,61.947,-85.051,-313.012,-616.040,2924.510,133.980
103,50235.191000,145.297,-30.680,-81.681,121.884,-93.701,-291.504,-969.040,3626.510,162.980
104,50235.210000,233.266,1.509,-162.366,181.879,-97.388,-264.981,-1091.040,4205.510,268.980
105,50235.250000,330.131,31.686,-223.128,230.304,-99.053,-229.612,-2169.040,4231.510,508.980
106,50235.296000,342.981,144.346,-254.008,260.527,-81.566,-197.779,-4460.040,3668.510,993.980
107,50235.312000,303.444,34.703,-284.887,273.499,-42.436,-189.038,-6150.040,2585.510,965.980
108,50235.352000,147.274,207.717,-287.875,279.538,-20.761,-176.776,-2825.040,1277.510,842.980
109,50235.392000,93.900,172.511,-321.743,274.871,-1.564,-184.205,-2753.040,-395.490,39.980
110,50235.432000,161.112,234.876,-336.685,258.566,17.240,-204.416,-1823.040,-1835.490,-569.020
111,50235.475000,351.876,15.591,-81.681,245.160,35.166,-221.698,23.960,-1303.490,-954.020
112,50235.510000,249.081,-88.016,-183.284,232.933,72.735,-228.736,-3157.040,-1129.490,-335.020
113,50235.552000,274.780,25.650,-121.525,227.181,78.460,-230.582,-1238.040,-404.490,-342.020
114,50235.592000,274.780,-38.727,-94.630,217.725,99.833,-225.224,-2302.040,-273.490,7.980
115,50235.616000,270.826,-44.762,-80.685,216.067,126.243,-214.835,-2064.040,-222.490,93.980
116,50235.656000,264.896,-100.086,-73.712,213.364,144.855,-205.602,-2840.040,-387.490,527.980
117,50235.696000,265.884,-126.240,-43.829,213.626,167.617,-185.483,-4563.040,-842.490,1390.980
118,50235.732000,248.093,15.591,-16.934,216.918,199.554,-146.521,-5283.040,-892.490,1689.980
119,50235.775000,186.811,98.075,-36.856,224.803,208.950,-119.818,-5441.040,-816.490,1714.980
120,50235.815000,170.008,111.151,-87.658,236.554,214.823,-78.475,-4806.040,-703.490,1464.980
121,50235.850000,197.683,114.169,-112.560,245.280,209.816,-45.225,-3624.040,-482.490,1099.980
122,50235.890000,166.054,108.134,-127.502,250.163,211.179,-29.494,-1533.040,-26.490,433.980
123,50235.913000,202.625,146.358,-114.553,248.279,215.173,-23.525,-66.040,504.510,-72.020
124,50235.953000,488.278,-138.310,-15.938,253.109,213.386,-18.652,61.960,342.510,70.980
125,50235.993000,243.151,86.004,-58.770,251.207,216.323,-16.629,-78.040,147.510,96.980
126,50236.33000,194.718,24.644,-105.588,253.097,211.509,-15.751,-89.040,207.510,115.980
127,50236.73000,234.255,9.556,-102.599,252.129,210.615,-11.851,72.960,273.510,-4.020
128,50236.113000,241.174,35.709,-60.763,253.115,211.682,-7.902,-15.040,277.510,-57.020
129,50236.152000,243.151,29.674,-51.798,251.197,213.583,-8.845,-57.040,123.510,-25.020
130,50236.195000,245.127,42.750,-63.751,256.008,210.739,-7.917,-45.040,15.510,13.980
131,50236.211000,235.243,8.550,-87.658,250.210,211.632,-8.890,-7.040,-0.490,-9.020
132,50236.253000,232.278,20.621,-83.673,255.996,209.747,-8.920,163.960,48.510,-80.020
133,50236.293000,236.232,43.756,-71.720,254.063,209.750,-7.943,51.960,9.510,-75.020
134,50236.331000,244.139,46.774,-70.724,248.285,212.584,-8.873,-18.040,-41.490,-25.020
135,50236.371000,242.162,33.697,-72.716,254.085,212.597,-10.822,23.960,-99.490,34.980
136,50236.417000,242.162,36.715,-76.700,253.080,208.705,-10.910,52.960,-129.490,65.980
137,50236.457000,239.197,33.697,-82.677,254.048,209.599,-14.811,82.960,-146.490,95.980
138,50236.497000,239.197,30.680,-82.677,252.144,213.398,-17.673,41.960,-165.490,107.980
139,50236.537000,236.232,32.692,-78.693,255.950,207.546,-20.737,50.960,-197.490,113.980
140,50236.556000,237.220,30.680,-82.677,256.941,210.425,-22.632,11.960,-264.490,141.980
141,50236.596000,235.243,27.662,-77.696,258.837,208.308,-31.501,54.960,-337.490,169.980
142,50236.636000,235.243,32.692,-78.693,258.805,205.352,-33.528,73.960,-482.490,214.980
143,50236.676000,237.220,35.709,-77.696,264.464,192.572,-43.606,74.960,-596.490,264.980
144,50236.715000,236.232,24.644,-94.630,263.484,193.318,-53.398,41.960,-712.490,321.980
145,50236.755000,241.174,6.538,-120.529,263.409,187.320,-61.377,101.960,-724.490,359.980
146,50236.797000,269.838,-8.550,-126.506,264.363,188.085,-71.165,88.960,-723.490,393.980
147,50236.836000,290.595,18.609,-112.560,265.167,174.200,-85.200,384.960,-779.490,467.980
148,50236.852000,319.259,9.556,-64.747,263.116,165.141,-99.135,347.960,-928.490,595.980
149,50236.892000,338.039,12.574,-45.821,268.748,151.218,-117.084,382.960,-1334.490,693.980
150,50236.937000,402.286,-4.527,-15.938,265.700,140.985,-139.873,641.960,-1578.490,725.980
151,50236.975000,335.073,170.499,-29.883,268.321,115.425,-156.125,1061.960,-1665.490,930.980
152,50237.15000,308.386,88.016,-177.307,263.366,108.086,-178.854,-920.040,-1921.490,948.980
153,50237.57000,215.475,-38.727,-124.514,262.262,97.074,-193.810,-983.040,-1377.490,828.980
154,50237.97000,171.985,62.868,-47.813,272.748,81.600,-196.093,-567.040,-359.490,789.980
155,50237.138000,147.274,78.963,-39.844,294.035,80.082,-186.275,-1195.040,648.510,414.980
156,50237.157000,135.413,37.721,-80.685,322.147,80.010,-157.779,-1123.040,1870.510,103.980
157,50237.192000,173.961,-2.515,-74.708,341.585,83.693,-131.178,-778.040,2611.510,-167.020
158,50237.236000,207.568,-18.609,-106.584,370.721,82.422,-69.363,-378.040,3444.510,-421.020
159,50237.278000,254.023,18.609,-152.405,387.450,95.851,4.520,-605.040,3857.510,-609.020
160,50237.313000,331.120,14.585,-144.436,384.905,112.456,99.027,-1575.040,4213.510,-707.020
161,50237.353000,370.656,-54.821,-154.397,353.154,109.426,195.978,-1669.040,4425.510,-572.020
162,50237.393000,345.946,-12.574,-232.093,306.856,105.025,281.100,-653.040,4167.510,-279.020
163,50237.436000,226.347,-10.562,-250.023,257.647,110.196,317.396,474.960,2829.510,-242.020
164,50237.460000,136.402,1.509,-208.187,240.434,127.804,331.480,1266.960,861.510,-555.020
165,50237.492000,292.571,31.686,-2.988,258.992,149.040,318.261,723.960,-2157.490,376.980
166,50237.536000,311.351,-69.910,-180.296,297.387,122.751,297.164,-2491.040,-2520.490,84.980
167,50237.576000,174.950,53.815,-115.549,324.309,111.732,269.518,-398.040,-2113.490,-145.020
168,50237.623000,205.591,121.210,-196.233,341.625,107.436,242.981,-744.040,-1522.490,-212.020
169,50237.656000,291.583,-6.538,-81.681,357.115,112.980,223.524,21.960,-1248.490,-68.020
170,50237.698000,238.208,37.721,-56.778,365.758,108.923,211.684,-249.040,-1086.490,-234.020
171,50237.738000,260.942,6.538,-83.673,371.602,117.286,192.269,-67.040,-860.490,-261.020
172,50237.760000,249.081,54.821,-84.669,380.395,128.762,180.774,546.960,-584.490,-278.020
173,50237.800000,242.162,51.804,-83.673,381.369,131.469,171.029,141.960,-487.490,-280.020
174,50237.837000,228.324,78.963,-57.774,379.499,140.878,158.486,500.960,-394.490,-227.020
175,50237.877000,232.278,73.933,-51.798,383.365,142.642,148.726,319.960,-499.490,-94.020
176,50237.916000,234.255,61.862,-48.809,389.176,145.395,138.993,320.960,-704.490,6.980
177,50237.956000,235.243,57.839,-60.763,393.056,149.942,123.412,161.960,-883.490,88.980
178,50237.996000,238.208,46.774,-100.607,400.779,152.499,103.871,163.960,-1023.490,85.980
179,50238.37000,241.174,25.650,-124.514,402.625,149.023,77.320,385.960,-978.490,39.980
180,50238.53000,259.954,26.656,-117.541,407.474,154.464,57.838,508.960,-965.490,47.980
181,50238.93000,270.826,15.591,-94.630,409.268,145.205,33.120,530.960,-1117.490,125.980
182,50238.138000,284.664,13.580,-102.599,413.173,154.391,7.835,681.960,-1350.490,159.980
183,50238.178000,374.610,-32.692,-63.751,414.018,149.697,-29.533,1396.960,-1635.490,94.980
184,50238.242000,512.988,-51.804,92.638,407.033,139.664,-85.668,2454.960,-1846.490,-89.020
185,50238.261000,374.610,145.352,-181.292,398.146,133.452,-143.684,1523.960,-2201.490,61.980
186,50238.293000,309.375,96.063,-140.451,390.056,108.890,-198.182,1898.960,-1980.490,445.980
187,50238.333000,119.598,33.697,-157.385,380.166,92.636,-227.003,309.960,-737.490,375.980
188,50238.357000,97.853,39.733,-168.342,381.932,76.949,-235.193,819.960,317.510,126.980
189,50238.397000,93.900,78.963,-6.973,390.647,75.351,-223.442,-163.040,1347.510,40.980
190,50238.440000,113.668,-3.521,-91.642,414.013,84.034,-191.819,-1281.040,2508.510,151.980
191,50238.472000,158.147,2.515,-94.630,439.408,96.274,-131.673,-1297.040,3159.510,216.980
192,50238.512000,217.452,27.662,-136.467,460.815,93.267,-57.165,-1577.040,3841.510,235.980
193,50238.575000,300.479,40.739,-161.370,468.641,83.611,29.916,-1369.040,4076.510,50.980
194,50238.596000,349.900,55.827,-161.370,465.852,75.859,119.959,-1614.040,4005.510,-387.020
195,50238.636000,343.969,43.756,-152.405,449.615,84.760,178.962,-1475.040,3785.510,-701.020
196,50238.676000,356.819,9.556,-130.490,415.024,91.971,257.503,-680.040,3529.510,-1014.020
197,50238.700000,265.884,-29.674,-172.327,369.847,109.305,315.651,1446.960,2985.510,-969.020
198,50238.738000,130.471,39.733,-178.303,347.036,146.446,338.002,666.960,1540.510,-1030.020
199,50238.778000,167.042,-41.745,-213.167,354.947,167.536,322.796,1220.960,-890.490,-600.020
200,50238.818000,318.270,32.692,-36.856,385.105,194.085,281.281,818.960,-2065.490,-379.020
201,50238.857000,485.313,101.092,360.591,405.097,162.999,270.826,-3977.040,-1507.490,375.980
202,50238.897000,425.019,-306.295,-164.358,436.452,108.532,251.051,-2509.040,-2187.490,172.980
203,50238.937000,172.973,280.141,-110.568,457.769,121.383,208.232,-998.040,-1852.490,-110.020
204,50238.977000,318.270,-66.892,-174.319,477.916,110.276,179.588,-168.040,-1295.490,114.980
205,50238.993000,261.931,11.568,-95.626,484.652,112.629,151.216,434.960,-1064.490,-8.020
206,50239.33000,261.931,50.798,-83.673,493.320,112.347,134.556,-253.040,-691.490,-166.020
207,50239.73000,239.197,59.851,-52.794,493.380,119.963,127.861,155.960,-476.490,-59.020
208,50239.113000,243.151,44.762,-41.837,495.326,123.606,116.178,275.960,-536.490,-42.020
209,50239.153000,240.185,27.662,-38.848,499.152,122.350,101.448,-108.040,-677.490,0.980
210,50239.197000,232.278,70.916,-39.844,503.929,121.814,74.969,283.960,-818.490,-11.020
211,50239.237000,240.185,33.697,-47.813,504.877,124.283,54.431,-3.040,-1001.490,76.980
212,50239.277000,238.208,46.774,-90.646,509.588,117.837,23.898,-31.040,-1159.490,117.980
213,50239.293000,259.954,35.709,-101.603,510.457,113.380,-2.677,192.960,-1150.490,111.980
214,50239.338000,281.699,21.627,-87.658,510.427,114.848,-24.219,260.960,-1272.490,160.980
215,50239.378000,290.595,43.756,-74.708,514.112,104.314,-63.672,129.960,-1695.490,315.980
216,50239.418000,356.819,-12.574,-82.677,501.359,96.338,-111.928,859.960,-1851.490,145.980
217,50239.458000,490.255,-72.927,38.848,489.594,92.083,-167.945,1601.960,-2130.490,41.980
218,50239.501000,429.961,178.546,15.938,463.172,72.217,-221.397,2414.960,-2212.490,-16.020
219,50239.533000,408.216,110.145,-179.300,436.638,42.470,-282.915,1523.960,-2449.490,671.980
220,50239.573000,203.614,48.786,-167.346,418.177,39.767,-309.491,505.960,-1531.490,462.980
221,50239.597000,86.981,-32.692,-263.969,409.354,30.643,-323.442,1144.960,53.510,-178.020
222,50239.637000,92.911,55.827,-9.961,417.128,31.926,-312.609,289.960,1134.510,-386.020
223,50239.677000,94.888,-9.556,-42.833,452.446,73.948,-270.415,-839.040,2257.510,-608.020
224,50239.717000,118.610,-9.556,-101.603,489.624,102.935,-203.989,-891.040,3303.510,-757.020
225,50239.757000,177.915,-4.527,-120.529,512.470,144.964,-111.806,-895.040,3877.510,-855.020
226,50239.797000,257.977,9.556,-169.339,519.827,182.332,-4.069,-893.040,4369.510,-900.020
227,50239.837000,355.830,24.644,-187.268,513.397,200.518,75.755,-686.040,4518.510,-929.020
228,50239.880000,385.483,18.609,-193.245,483.839,219.340,194.770,-576.040,4585.510,-1039.020
229,50239.896000,405.251,11.568,-181.292,426.221,240.500,300.049,-983.040,4187.510,-1182.020
230,50239.938000,203.614,35.709,-251.019,368.545,264.615,363.225,500.960,2588.510,-869.020
231,50239.978000,138.378,73.933,-236.078,366.719,277.088,357.614,243.960,-702.490,-279.020
232,50240.20000,243.151,-9.556,-103.595,410.154,273.909,326.254,-772.040,-2287.490,111.980
233,50240.67000,230.301,-19.615,-105.588,429.369,261.369,321.113,-2536.040,-1217.490,-114.020
234,50240.112000,512.988,-120.204,-79.689,464.744,222.473,301.692,-2098.040,-2459.490,90.980
235,50240.173000,229.313,205.705,-155.393,502.286,213.111,256.453,-1020.040,-2139.490,-161.020
236,50240.192000,270.826,-23.639,-164.358,515.726,209.597,223.060,-565.040,-1495.490,35.980
237,50240.221000,272.803,36.715,-106.584,533.172,219.756,191.942,120.960,-1137.490,-16.020
238,50240.260000,272.803,26.656,-95.626,538.978,223.351,176.343,26.960,-685.490,-248.020
239,50240.285000,240.185,86.004,-57.774,539.024,230.838,163.761,231.960,-375.490,-169.020
240,50240.322000,244.139,51.804,-47.813,540.986,235.517,155.043,0.960,-389.490,-127.020
241,50240.361000,248.093,28.668,-43.829,541.929,235.289,144.252,4.960,-372.490,-132.020
242,50240.407000,234.255,62.868,-39.844,541.954,240.812,130.646,89.960,-443.490,-105.020
243,50240.451000,235.243,54.821,-47.813,551.573,238.620,114.927,76.960,-533.490,-85.020
244,50240.486000,237.220,42.750,-64.747,550.662,247.952,98.461,122.960,-623.490,-68.020
245,50240.515000,232.278,36.715,-87.658,552.529,245.555,76.837,303.960,-644.490,-99.020
246,50240.536000,242.162,54.821,-84.669,553.585,257.862,62.402,532.960,-635.490,-94.020
247,50240.576000,237.220,63.874,-99.611,554.520,260.201,35.978,713.960,-654.490,-51.020
248,50240.616000,231.290,69.910,-102.599,553.454,255.726,9.399,857.960,-679.490,16.980
249,50240.656000,254.023,101.092,-100.607,558.250,258.017,-20.941,1016.960,-668.490,70.980
250,50240.696000,302.456,11.568,-84.669,558.154,254.458,-50.440,1223.960,-656.490,-150.020
251,50240.738000,256.000,75.945,-121.525,550.393,260.337,-88.571,2245.960,-623.490,-442.020
252,50240.778000,213.498,125.234,-155.393,545.583,270.236,-121.704,3039.960,-451.490,-867.020
253,50240.818000,203.614,100.086,-134.475,528.094,271.987,-166.813,3569.960,-232.490,-1412.020
254,50240.835000,201.637,62.868,-120.529,503.925,284.243,-216.605,4038.960,60.510,-1759.020
255,50240.875000,206.579,9.556,-90.646,485.499,288.034,-256.767,4699.960,699.510,-2080.020
256,50240.921000,208.556,-36.715,-90.646,466.952,279.225,-296.228,4966.960,980.510,-2131.020
257,50240.961000,201.637,-44.762,-76.700,457.035,262.713,-336.823,4969.960,1045.510,-2094.020
258,50241.1000,180.880,-39.733,-27.891,451.015,244.749,-356.847,4446.960,919.510,-1941.020
259,50241.41000,216.463,-73.933,-33.868,444.931,221.759,-384.829,3602.960,815.510,-1742.020
260,50241.81000,257.977,-84.998,-39.844,440.830,201.894,-403.911,3465.960,633.510,-1450.020
261,50241.121000,268.849,-69.910,-47.813,441.330,157.805,-423.521,3613.960,591.510,-1298.020
262,50241.135000,303.444,-10.562,-29.883,443.850,120.703,-435.127,2999.960,560.510,-1204.020
263,50241.180000,312.340,12.574,-38.848,452.368,101.370,-435.538,2431.960,574.510,-1079.020
264,50241.215000,286.641,11.568,-34.864,457.944,77.220,-433.120,1853.960,631.510,-924.020
265,50241.265000,242.162,33.697,-26.895,465.645,71.643,-425.382,1720.960,524.510,-847.020
266,50241.301000,198.672,72.927,-19.922,466.501,59.139,-420.755,1048.960,243.510,-680.020
267,50241.341000,190.764,-5.532,-13.946,467.433,56.171,-423.761,307.960,50.510,-558.020
268,50241.381000,199.660,-29.674,-32.872,468.387,55.166,-425.742,730.960,-55.490,-360.020
269,50241.420000,228.324,-2.515,-47.813,459.516,40.303,-435.898,1001.960,-345.490,-214.020
270,50241.436000,242.162,29.674,-38.848,451.698,35.071,-449.759,236.960,-483.490,-113.020
271,50241.476000,333.097,28.668,3.984,442.074,42.506,-460.402,-627.040,-557.490,-54.020
272,50241.516000,239.197,46.774,-70.724,424.616,40.158,-471.278,-94.040,-718.490,56.980
273,50241.560000,194.718,68.904,-136.467,417.801,37.913,-482.130,-312.040,-464.490,31.980
274,50241.600000,227.336,6.538,-107.580,409.231,53.232,-487.692,-385.040,-277.490,-85.020
275,50241.640000,275.768,26.656,-68.732,405.428,60.875,-491.453,-57.040,-241.490,-96.020
276,50241.682000,247.104,52.809,-87.658,399.640,63.623,-496.307,-132.040,-251.490,-37.020
277,50241.725000,250.069,27.662,-104.591,394.740,57.686,-499.391,74.960,-170.490,-2.020
278,50241.762000,236.232,38.727,-83.673,394.681,51.840,-500.502,151.960,-83.490,-36.020
279,50241.778000,223.382,56.833,-68.732,392.756,53.676,-504.388,217.960,-119.490,-35.020
280,50241.818000,232.278,45.768,-60.763,384.908,42.878,-506.605,82.960,-272.490,37.980
281,50241.857000,232.278,47.780,-63.751,379.085,42.649,-514.468,35.960,-416.490,46.980
282,50241.897000,236.232,44.762,-70.724,366.521,46.173,-525.204,-31.040,-614.490,82.980
283,50241.937000,232.278,43.756,-95.626,342.214,35.085,-533.346,-40.040,-718.490,103.980
284,50241.986000,240.185,29.674,-108.576,334.442,33.823,-543.197,106.960,-800.490,122.980
285,50242.18000,260.942,15.591,-98.615,313.066,26.560,-555.171,91.960,-936.490,152.980
286,50242.58000,288.618,33.697,-90.646,286.828,17.266,-569.162,223.960,-1176.490,241.980
287,50242.102000,306.409,32.692,-90.646,249.814,-6.630,-580.558,574.960,-1492.490,204.980
288,50242.133000,382.517,21.627,-40.840,205.111,-24.841,-594.786,757.960,-1802.490,148.980
289,50242.162000,512.988,-65.886,59.767,157.249,-71.948,-597.893,1769.960,-2093.490,-274.020
290,50242.223000,370.656,108.134,-178.303,125.799,-126.273,-583.475,3251.960,-2098.490,-154.020
291,50242.242000,305.421,61.862,-128.498,79.912,-173.857,-565.014,1145.960,-1798.490,-123.020
292,50242.278000,123.552,-46.774,-146.428,59.545,-181.585,-554.442,513.960,-857.490,-493.020
293,50242.327000,140.355,14.585,-13.946,69.989,-205.386,-538.277,769.960,409.510,-925.020
294,50242.357000,118.610,31.686,-5.977,108.884,-186.390,-529.928,-616.040,1345.510,-1021.020
295,50242.381000,126.517,-42.750,-59.767,177.930,-151.482,-517.240,-1135.040,2279.510,-962.020
296,50242.423000,152.216,-39.733,-75.704,261.482,-121.761,-482.081,-882.040,3327.510,-818.020
297,50242.456000,195.707,-31.686,-84.669,325.619,-99.909,-443.215,-862.040,4059.510,-708.020
298,50242.496000,285.652,-14.585,-141.447,416.060,-68.116,-360.923,-494.040,4926.510,-665.020
299,50242.538000,446.764,-36.715,-198.226,495.811,-49.221,-242.657,-381.040,5411.510,-581.020
300,50242.580000,432.927,31.686,-245.043,538.930,-20.630,-108.561,486.960,5080.510,-616.020
301,50242.622000,257.977,23.639,-282.895,547.075,3.587,-25.631,-216.040,3180.510,-618.020
302,50242.662000,70.178,36.715,-303.813,540.378,14.805,-42.067,1009.960,-1315.490,19.980
303,50242.678000,438.857,86.004,269.946,536.385,10.949,-83.349,-368.040,-2286.490,460.980
304,50242.718000,341.004,-74.939,-155.393,521.803,13.656,-130.391,-1950.040,-1986.490,243.980
305,50242.758000,205.591,233.870,-176.311,502.244,3.521,-185.575,299.960,-2098.490,95.980
306,50242.798000,287.629,4.527,-151.409,484.905,19.921,-226.435,-1277.040,-1590.490,9.980
307,50242.838000,300.479,-104.110,-158.381,467.442,20.162,-251.964,195.960,-1094.490,134.980
308,50242.882000,259.954,0.503,-95.626,459.608,13.894,-268.790,604.960,-849.490,-120.020
309,50242.917000,255.012,66.892,-80.685,453.844,20.396,-279.446,-74.040,-521.490,-91.020
310,50242.962000,236.232,49.792,-36.856,446.988,13.362,-287.461,446.960,-409.490,-37.020
311,50242.977000,234.255,65.886,-22.911,434.402,15.785,-304.105,-194.040,-688.490,18.980
312,50243.17000,241.174,43.756,-38.848,426.664,19.248,-319.735,-129.040,-821.490,29.980
313,50243.57000,238.208,51.804,-39.844,406.277,15.728,-338.489,72.960,-927.490,23.980
314,50243.97000,238.208,38.727,-47.813,388.775,11.200,-360.201,-171.040,-1158.490,74.980
315,50243.137000,252.046,42.750,-95.626,366.513,14.392,-381.752,-13.040,-1211.490,72.980
316,50243.177000,268.849,36.715,-90.646,347.054,5.228,-392.783,417.960,-1285.490,71.980
317,50243.217000,256.988,4.527,-66.739,316.970,1.398,-421.371,208.960,-1619.490,164.980
318,50243.257000,361.761,35.709,-70.724,273.249,-12.251,-449.225,517.960,-2052.490,217.980
319,50243.297000,497.174,-25.650,18.926,216.886,-33.704,-473.355,992.960,-2299.490,106.980
320,50243.321000,493.220,71.921,73.712,157.357,-85.001,-485.407,2912.960,-2288.490,-315.020
321,50243.368000,422.054,178.546,-225.121,96.892,-135.122,-487.627,2789.960,-2405.490,401.980
322,50243.401000,310.363,59.851,-92.638,59.934,-155.847,-487.185,866.960,-1889.490,355.980
323,50243.455000,77.097,-13.580,-248.031,40.495,-165.701,-485.483,909.960,-361.490,-452.020
324,50243.482000,93.900,46.774,9.961,56.945,-168.151,-471.773,409.960,742.510,-659.020
325,50243.517000,92.911,-21.627,-37.852,101.607,-152.097,-467.400,-1259.040,2175.510,-713.020
326,50243.562000,117.622,-40.739,-77.696,167.700,-122.977,-451.905,-1404.040,3025.510,-708.020
327,50243.605000,136.402,-25.650,-79.689,249.354,-91.161,-408.858,-1129.040,4117.510,-627.020
328,50243.623000,197.683,-22.633,-124.514,306.721,-69.354,-369.027,-914.040,4870.510,-576.020
329,50243.663000,328.154,9.556,-198.226,380.522,-59.835,-277.458,-439.040,5650.510,-614.020
330,50243.703000,512.000,1.509,-276.918,438.003,-42.214,-163.189,-42.040,5957.510,-757.020
331,50243.758000,255.012,3.521,-376.529,460.504,-36.086,-70.824,-91.040,4470.510,-750.020
332,50243.780000,85.992,117.187,-349.634,463.520,-26.155,-61.771,2176.960,-381.490,-378.020
333,50243.817000,479.382,116.181,334.693,449.888,-24.496,-112.757,391.960,-2434.490,144.980
334,50243.930000,291.583,-174.523,-59.767,432.390,-21.947,-165.693,-2879.040,-2199.490,312.980
335,50243.963000,331.120,-137.305,-139.455,413.087,-10.248,-198.817,23.960,-2485.490,-17.020
336,50243.968000,170.008,59.851,-205.198,391.815,-0.660,-238.856,-1107.040,-1645.490,-54.020
337,50243.983000,327.166,-134.287,-142.444,374.357,-0.377,-262.422,-25.040,-1129.490,109.980
338,50244.7000,248.093,23.639,-86.661,360.736,-4.759,-279.219,11.960,-798.490,-187.020
339,50244.38000,251.058,62.868,-79.689,356.865,-3.049,-288.016,112.960,-501.490,-215.020
340,50244.85000,245.127,68.904,-50.802,351.977,-7.109,-294.000,525.960,-319.490,-116.020
341,50244.132000,242.162,55.827,-34.864,344.170,-13.117,-299.053,141.960,-411.490,-71.020
342,50244.228000,240.185,45.768,-32.872,335.364,-22.069,-305.154,634.960,-557.490,-101.020
343,50244.252000,228.324,58.845,-28.887,325.486,-39.963,-320.282,489.960,-835.490,-22.020
344,50244.255000,238.208,57.839,-61.759,308.034,-41.384,-333.099,382.960,-1007.490,16.980
345,50244.260000,255.012,32.692,-82.677,287.707,-39.920,-345.858,380.960,-1060.490,49.980
346,50244.300000,243.151,49.792,-67.735,270.161,-50.165,-362.794,385.960,-1161.490,102.980
347,50244.362000,276.757,56.833,-43.829,250.721,-57.387,-373.782,106.960,-1519.490,198.980
348,50244.381000,303.444,22.633,-57.774,213.859,-63.981,-392.639,191.960,-1886.490,276.980
349,50244.427000,402.286,-72.927,-36.856,168.126,-88.954,-405.058,1458.960,-1984.490,79.980
350,50244.460000,512.988,92.039,179.300,122.204,-135.999,-406.199,2600.960,-2221.490,234.980
351,50244.500000,473.452,115.175,-162.366,51.335,-161.930,-406.923,330.960,-2722.490,711.980
352,50244.523000,337.050,89.022,-111.564,-18.362,-169.167,-396.444,847.960,-2070.490,1014.980
353,50244.563000,122.564,-2.515,-224.125,-57.940,-161.679,-391.458,269.960,-1003.490,664.980
354,50244.608000,107.737,51.804,-159.377,-58.861,-157.719,-387.449,748.960,616.510,276.980
355,50244.687000,64.247,66.892,-26.895,-36.519,-149.584,-380.357,17.960,1732.510,-112.020
356,50244.697000,77.097,-11.568,-52.794,25.473,-142.098,-376.137,-117.040,3105.510,-473.020
357,50244.720000,109.714,11.568,-95.626,103.012,-131.161,-354.156,-207.040,3758.510,-770.020
358,50244.763000,194.718,42.750,-138.459,184.577,-108.125,-313.266,-460.040,4216.510,-896.020
359,50244.808000,299.490,27.662,-185.276,250.775,-78.877,-247.754,-1160.040,4515.510,-1054.020
360,50244.848000,358.795,6.538,-209.183,286.725,-73.523,-196.565,-1031.040,4742.510,-1110.020
361,50244.865000,427.985,36.715,-240.062,322.928,-49.895,-108.685,-395.040,4537.510,-1357.020
362,50244.905000,290.595,-44.762,-269.946,339.701,-31.634,-35.676,1333.960,3607.510,-940.020
363,50244.945000,46.456,24.644,-250.023,343.583,-34.121,-18.071,1145.960,-774.490,-365.020
364,50244.985000,368.680,-98.075,185.276,341.545,-40.418,-38.809,814.960,-1973.490,81.980
365,50245.30000,323.212,-43.756,-189.261,340.538,-39.046,-64.278,-2199.040,-1526.490,228.980
366,50245.62000,202.625,198.664,-109.572,328.858,-40.712,-90.817,-1190.040,-2512.490,-50.020
367,50245.98000,112.680,142.334,-178.303,320.075,-41.531,-124.196,-1232.040,-1804.490,166.980
368,50245.140000,371.645,-115.175,-143.440,314.199,-45.794,-139.013,627.960,-1152.490,96.980
369,50245.161000,244.139,2.515,-89.650,304.545,-40.408,-154.605,-814.040,-870.490,-157.020
370,50245.206000,247.104,69.910,-72.716,300.697,-37.598,-157.492,772.960,-421.490,-251.020
371,50245.248000,245.127,77.957,-51.798,298.658,-47.412,-161.637,184.960,-325.490,-143.020
372,50245.281000,250.069,26.656,-28.887,297.772,-37.842,-167.310,442.960,-271.490,-119.020
373,50245.321000,238.208,66.892,-29.883,299.624,-45.655,-170.422,264.960,-389.490,-60.020
374,50245.365000,230.301,67.898,-35.860,293.792,-47.740,-174.403,274.960,-473.490,-6.020
375,50245.406000,236.232,51.804,-45.821,285.980,-53.791,-181.419,173.960,-589.490,45.980
376,50245.446000,245.127,47.780,-74.708,284.985,-55.829,-185.388,314.960,-601.490,31.980
377,50245.462000,232.278,47.780,-90.646,273.348,-57.085,-193.286,453.960,-501.490,-21.020
378,50245.502000,245.127,66.892,-78.693,276.149,-66.830,-196.439,676.960,-449.490,-40.020
379,50245.542000,219.429,92.039,-67.735,275.163,-68.781,-196.484,738.960,-552.490,37.980
380,50245.592000,205.591,98.075,-77.696,271.178,-79.606,-201.636,1088.960,-643.490,33.980
381,50245.642000,268.849,109.139,-88.654,261.412,-89.388,-200.893,1247.960,-629.490,62.980
382,50245.663000,295.537,111.151,-102.599,263.200,-105.744,-195.368,2556.960,-457.490,-584.020
383,50245.703000,240.185,140.322,-115.549,263.046,-127.470,-168.392,4795.960,-191.490,-1681.020
384,50245.747000,209.544,110.145,-88.654,281.359,-143.796,-124.586,5882.960,226.510,-2179.020
385,50245.763000,228.324,56.833,-45.821,292.095,-142.786,-83.354,6268.960,624.510,-2438.020
386,50245.802000,252.046,-22.633,-15.938,311.843,-114.119,-23.836,6408.960,1041.510,-2483.020
387,50245.846000,252.046,-10.562,-3.984,320.055,-76.936,30.943,6172.960,1123.510,-2333.020
388,50245.886000,272.803,-62.868,36.856,326.511,-17.808,69.534,5448.960,1193.510,-2215.020
389,50245.921000,269.838,-58.845,16.934,320.298,35.912,88.365,5237.960,1114.510,-2055.020
390,50245.966000,247.104,12.574,-0.996,311.071,81.492,91.319,4366.960,694.510,-1696.020
391,50246.6000,247.104,64.880,-6.973,301.818,127.697,78.596,3298.960,381.510,-1487.020
392,50246.46000,240.185,58.845,-18.926,293.314,150.697,69.282,2390.960,303.510,-1312.020
393,50246.62000,248.093,53.815,-31.875,279.936,168.882,63.773,1480.960,439.510,-1116.020
394,50246.102000,256.000,-42.750,-41.837,272.355,187.059,55.335,1227.960,452.510,-800.020
395,50246.142000,261.931,-64.880,-46.817,268.548,195.543,45.709,1331.960,246.510,-494.020
396,50246.182000,247.104,-59.851,-65.743,260.862,200.387,48.742,193.960,102.510,-143.020
397,50246.221000,288.618,96.063,-6.973,265.681,199.377,44.807,-109.040,-31.490,-164.020
398,50246.261000,209.544,109.139,-60.763,264.794,208.062,43.037,860.960,-28.490,-49.020
399,50246.303000,247.104,41.745,-32.872,263.801,206.931,36.145,-52.040,-144.490,-48.020
400,50246.343000,261.931,15.591,-41.837,264.788,208.882,36.190,-155.040,-214.490,-107.020
401,50246.383000,245.127,59.851,-75.704,261.881,209.695,30.318,279.960,-204.490,-85.020
402,50246.400000,254.023,53.815,-86.661,260.933,212.512,26.456,68.960,-83.490,-22.020
403,50246.446000,254.023,18.609,-77.696,261.894,212.457,23.515,258.960,4.510,-34.020
404,50246.486000,236.232,59.851,-62.755,264.792,212.442,21.559,507.960,17.510,-42.020
405,50246.526000,234.255,61.862,-56.778,267.711,215.275,16.725,641.960,-0.490,-21.020
406,50246.563000,237.220,59.851,-45.821,264.704,206.315,7.694,648.960,-96.490,38.980
407,50246.603000,237.220,62.868,-47.813,263.746,209.046,-0.093,564.960,-215.490,77.980
408,50246.643000,235.243,51.804,-43.829,267.641,213.722,-9.788,526.960,-438.490,128.980
409,50246.687000,235.243,71.921,-51.798,270.429,203.847,-18.827,237.960,-601.490,159.980
410,50246.703000,225.359,88.016,-68.732,268.521,208.489,-27.554,60.960,-749.490,149.980
411,50246.743000,235.243,20.621,-99.611,267.474,202.438,-37.497,-245.040,-937.490,237.980
412,50246.783000,248.093,43.756,-84.669,268.360,196.385,-48.417,-191.040,-1056.490,267.980
413,50246.823000,274.780,-10.562,-81.681,271.189,192.185,-64.195,-191.040,-1285.490,330.980
414,50246.863000,314.317,4.527,-106.584,271.158,192.768,-81.834,71.960,-1413.490,266.980
415,50246.906000,377.575,-17.603,-65.743,272.965,183.639,-100.665,442.960,-1536.490,368.980
416,50246.951000,447.753,-36.715,69.728,271.763,165.528,-129.509,835.960,-1753.490,345.980
417,50246.982000,391.413,213.752,3.984,267.754,155.351,-149.356,1531.960,-2091.490,184.980
418,50247.1000,425.019,91.033,-144.436,262.586,128.357,-183.309,1136.960,-2519.490,640.980
419,50247.41000,241.174,95.057,-105.588,262.350,108.487,-204.344,568.960,-1789.490,677.980
420,50247.81000,154.193,17.603,-234.086,276.737,96.870,-209.475,-87.040,-449.490,324.980
421,50247.121000,130.471,62.868,-42.833,302.666,75.916,-203.021,454.960,632.510,166.980
422,50247.163000,99.830,62.868,-40.840,337.585,78.003,-167.597,-717.040,2049.510,1.980
423,50247.203000,110.703,38.727,-67.735,368.678,84.885,-133.056,-761.040,2965.510,-210.020
424,50247.243000,144.309,17.603,-94.630,394.210,109.013,-61.859,-895.040,3987.510,-431.020
425,50247.286000,243.151,20.621,-148.420,408.184,130.870,43.587,-816.040,4703.510,-608.020
426,50247.302000,302.456,20.621,-167.346,379.582,149.594,157.699,-429.040,5322.510,-1012.020
427,50247.342000,460.602,48.786,-236.078,310.319,166.779,263.846,-708.040,5596.510,-1336.020
428,50247.382000,439.846,-54.821,-304.809,240.079,193.533,320.189,932.960,4640.510,-911.020
429,50247.422000,8.896,-82.986,-344.654,215.929,194.527,331.928,528.960,870.510,-812.020
430,50247.461000,214.486,13.580,-165.354,234.437,211.772,313.717,-187.040,-2012.490,28.980
431,50247.501000,305.421,-106.122,-83.673,270.895,183.673,299.441,-2991.040,-1878.490,131.980
432,50247.541000,299.490,-17.603,-157.385,311.257,161.222,275.492,-1354.040,-2566.490,100.980
433,50247.581000,200.649,306.295,-200.218,339.177,153.146,248.894,-1412.040,-1859.490,-170.020
434,50247.607000,288.618,-6.538,-141.447,352.745,160.549,226.532,-9.040,-1242.490,35.980
435,50247.647000,286.641,-23.639,-88.654,365.300,163.109,205.040,420.960,-980.490,-62.020
436,50247.687000,264.896,38.727,-88.654,366.295,167.779,196.320,-128.040,-648.490,-190.020
437,50247.727000,245.127,59.851,-55.782,371.149,171.515,187.587,296.960,-418.490,-51.020
438,50247.763000,241.174,62.868,-31.875,374.983,170.323,175.801,305.960,-445.490,-60.020
439,50247.806000,243.151,34.703,-32.872,376.910,172.025,164.075,-91.040,-600.490,29.980
440,50247.842000,233.266,59.851,-34.864,383.684,176.514,144.576,347.960,-741.490,0.980
441,50247.887000,236.232,47.780,-41.837,393.362,180.168,129.967,-32.040,-909.490,63.980
442,50247.906000,249.081,37.721,-78.693,397.198,179.882,115.259,-112.040,-1030.490,80.980
443,50247.951000,244.139,33.697,-57.774,404.896,180.433,92.732,69.960,-1137.490,106.980
444,50247.983000,274.780,-2.515,-40.840,411.511,171.071,61.157,-82.040,-1404.490,213.980
445,50248.23000,322.224,21.627,-93.634,419.080,161.589,23.698,-92.040,-1922.490,344.980
446,50248.67000,357.807,-15.591,-91.642,419.928,159.570,-24.398,892.960,-2004.490,206.980
447,50248.107000,478.394,-64.880,47.813,416.883,156.414,-78.411,1656.960,-2184.490,200.980
448,50248.152000,447.753,242.923,70.724,414.742,146.493,-131.591,1867.960,-2402.490,264.980
449,50248.185000,438.857,80.974,-196.233,398.860,119.589,-200.868,1131.960,-2552.490,739.980
450,50248.208000,237.220,61.862,-130.490,383.087,98.123,-243.546,181.960,-1574.490,567.980
451,50248.248000,123.552,40.739,-136.467,380.050,88.882,-265.332,691.960,-6.490,55.980
452,50248.291000,77.097,61.862,-14.942,393.499,77.536,-257.711,177.960,1083.510,-201.020
453,50248.328000,85.992,22.633,-25.899,424.625,87.374,-221.142,-874.040,2272.510,-351.020
454,50248.366000,95.876,-10.562,-67.735,453.858,94.064,-150.324,-870.040,3477.510,-538.020
455,50248.406000,144.309,-4.527,-94.630,476.390,110.181,-89.118,-782.040,4285.510,-603.020
456,50248.446000,257.977,6.538,-153.401,485.555,133.156,25.168,-533.040,5242.510,-737.020
457,50248.486000,453.683,52.809,-225.121,463.704,145.582,158.768,-464.040,5739.510,-823.020
458,50248.526000,512.988,-53.815,-295.844,402.198,160.360,284.491,-560.040,5641.510,-788.020
459,50248.542000,274.780,41.745,-376.529,347.283,169.941,347.350,-279.040,3410.510,-830.020
460,50248.586000,146.286,101.092,-337.681,362.978,199.455,314.696,1053.960,-1597.490,9.980
461,50248.625000,451.707,106.122,236.078,388.947,187.693,297.818,-3054.040,-2112.490,336.980
462,50248.665000,441.822,-236.888,-162.366,421.355,143.742,270.433,-2523.040,-2443.490,232.980
463,50248.705000,207.568,317.360,-88.654,454.165,146.782,217.614,-141.040,-2380.490,-176.020
464,50248.745000,349.900,-33.697,-150.412,467.483,129.783,188.825,-1341.040,-1512.490,-1.020
465,50248.785000,295.537,-70.916,-96.623,476.101,126.373,162.290,355.960,-1054.490,49.980
466,50248.825000,244.139,8.550,-69.728,483.812,127.937,141.747,-420.040,-914.490,-185.020
467,50248.848000,256.988,44.762,-76.700,485.758,131.581,130.064,161.960,-567.490,-123.020
468,50248.888000,249.081,52.809,-46.817,486.817,143.910,116.611,332.960,-528.490,-101.020
469,50248.928000,240.185,43.756,-32.872,490.643,142.653,101.881,-205.040,-656.490,-25.020
470,50248.966000,236.232,51.804,-34.864,496.410,142.343,85.215,133.960,-729.490,-31.020
471,50249.3000,237.220,39.733,-42.833,499.272,143.752,59.755,-146.040,-915.490,18.980
472,50249.42000,238.208,43.756,-86.661,504.077,145.245,37.243,-96.040,-1107.490,49.980
473,50249.86000,256.000,25.650,-101.603,506.870,140.699,5.767,34.960,-1101.490,58.980
474,50249.126000,268.849,9.556,-95.626,504.923,144.089,-15.736,389.960,-1157.490,79.980
475,50249.146000,258.965,1.509,-72.716,504.828,141.414,-49.139,119.960,-1427.490,164.980
476,50249.188000,333.097,13.580,-84.669,496.911,132.601,-93.481,475.960,-1813.490,243.980
477,50249.228000,415.135,-31.686,-21.914,488.015,124.534,-147.615,994.960,-1972.490,203.980
478,50249.268000,512.988,92.039,179.300,473.155,102.559,-213.838,2391.960,-2149.490,57.980
479,50249.308000,405.251,201.682,-28.887,452.478,79.536,-281.078,1559.960,-2424.490,428.980
480,50249.366000,389.436,84.998,-152.405,435.770,61.015,-321.731,1231.960,-2224.490,786.980
481,50249.391000,174.950,43.756,-167.346,421.969,40.819,-351.628,286.960,-725.490,308.980
482,50249.448000,108.726,40.739,-75.704,427.659,30.088,-356.758,1076.960,385.510,-95.020
483,50249.453000,75.120,44.762,-17.930,457.873,47.489,-328.849,-412.040,1816.510,-457.020
484,50249.486000,103.784,-13.580,-76.700,500.856,78.303,-270.216,-901.040,2812.510,-669.020
485,50249.526000,153.205,-25.650,-113.556,542.076,121.308,-185.818,-779.040,3717.510,-942.020
486,50249.568000,178.903,-12.574,-127.502,557.975,148.384,-108.692,-518.040,4159.510,-1038.020
487,50249.606000,269.838,21.627,-172.327,568.249,184.162,13.726,-1050.040,4395.510,-1174.020
488,50249.646000,378.564,-0.503,-194.241,543.766,223.808,150.866,-1172.040,4732.510,-1171.020
489,50249.688000,444.788,32.692,-223.128,486.214,245.593,284.598,-667.040,4827.510,-1137.020
490,50249.723000,209.544,24.644,-280.903,414.075,269.157,373.229,504.960,3531.510,-759.020
491,50249.747000,145.297,87.010,-252.016,399.822,294.388,379.643,855.960,63.510,-672.020
492,50249.787000,116.633,-36.715,-284.887,434.559,291.211,352.187,-659.040,-2337.490,89.980
493,50249.827000,440.834,-96.063,260.981,448.969,280.694,352.964,-1990.040,-1079.490,-151.020
494,50249.870000,466.533,-117.187,-60.763,482.616,264.886,325.226,-615.040,-2241.490,49.980
495,50249.903000,217.452,107.128,-135.471,509.607,263.338,287.003,-819.040,-1895.490,-76.020
496,50249.943000,288.618,-27.662,-127.502,526.915,258.093,261.426,-157.040,-1269.490,22.980
497,50249.983000,259.954,17.603,-78.693,537.543,260.699,242.873,-377.040,-938.490,12.980
498,50250.23000,265.884,28.668,-62.755,543.349,265.179,223.372,90.960,-581.490,-148.020
499,50250.65000,251.058,62.868,-42.833,542.392,267.910,215.585,456.960,-392.490,-137.020
500,50250.86000,245.127,63.874,-33.868,547.297,278.291,200.135,138.960,-350.490,-87.020
501,50250.126000,239.197,50.798,-25.899,550.183,279.916,184.487,405.960,-400.490,-85.020
502,50250.163000,239.197,55.827,-29.883,555.099,291.290,170.040,305.960,-487.490,-29.020
503,50250.208000,239.197,58.845,-44.825,555.026,287.946,150.352,277.960,-588.490,14.980
504,50250.258000,248.093,42.750,-77.696,563.787,297.351,132.927,260.960,-577.490,27.980
505,50250.283000,245.127,45.768,-83.673,565.638,291.286,121.029,334.960,-483.490,16.980
506,50250.330000,239.197,54.821,-86.661,569.500,293.891,105.404,418.960,-356.490,-9.020
507,50250.370000,228.324,59.851,-93.634,565.668,301.254,88.888,487.960,-270.490,-27.020
508,50250.386000,218.440,89.022,-87.658,568.602,307.755,74.329,576.960,-220.490,26.980
509,50250.426000,219.429,96.063,-75.704,571.409,300.706,61.430,559.960,-250.490,144.980
510,50250.466000,274.780,89.022,-69.728,573.284,297.511,47.633,664.960,-270.490,234.980
511,50250.506000,262.919,66.892,-76.700,571.342,300.944,28.092,1030.960,-210.490,67.980
512,50250.546000,246.116,86.004,-87.658,561.772,315.931,7.811,3352.960,108.510,-921.020
513,50250.586000,218.440,113.163,-82.677,544.543,346.591,-46.462,4254.960,267.510,-1283.020
514,50250.626000,213.498,56.833,-81.681,517.650,379.014,-104.639,4569.960,403.510,-1554.020
515,50250.666000,242.162,12.574,-49.805,487.610,387.934,-171.189,5019.960,742.510,-1748.020
516,50250.690000,257.977,-16.597,-36.856,460.366,385.297,-235.048,4925.960,908.510,-1673.020
517,50250.728000,270.826,-46.774,-47.813,448.597,379.251,-284.240,3699.960,988.510,-1223.020
518,50250.766000,283.676,-36.715,-49.805,447.471,366.276,-300.221,2697.960,920.510,-767.020
519,50250.806000,274.780,-47.780,-41.837,449.259,354.320,-315.193,1652.960,755.510,-345.020
520,50250.846000,210.533,-36.715,-52.794,452.950,337.681,-323.399,1658.960,713.510,-323.020
521,50250.886000,235.243,-65.886,-58.770,457.457,307.265,-340.736,2030.960,468.510,-131.020
522,50250.933000,266.873,15.591,-47.813,461.029,279.794,-356.048,1781.960,311.510,-177.020
523,50250.966000,256.000,7.544,-47.813,461.722,254.281,-369.362,1450.960,195.510,-249.020
524,50250.992000,248.093,37.721,-28.887,457.671,240.177,-391.258,2785.960,295.510,-733.020
525,50251.25000,239.197,54.821,-33.868,459.108,192.278,-408.009,3995.960,476.510,-1177.020
526,50251.65000,230.301,84.998,-46.817,463.266,125.940,-426.144,4607.960,568.510,-1430.020
527,50251.105000,222.394,71.921,-35.860,467.597,75.351,-434.122,3962.960,352.510,-1309.020
528,50251.145000,239.197,-2.515,-43.829,463.395,42.196,-439.770,2006.960,10.510,-785.020
529,50251.185000,253.035,-2.515,-39.844,459.500,41.036,-446.669,43.960,-453.490,96.980
530,50251.225000,241.174,8.550,-102.599,448.100,64.936,-457.930,-1201.040,-475.490,-28.020
531,50251.265000,248.093,109.139,-57.774,445.144,59.989,-460.988,289.960,-281.490,-106.020
532,50251.288000,249.081,79.969,-58.770,443.271,67.607,-466.707,-87.040,-202.490,-11.020
533,50251.328000,261.931,-8.550,-70.724,439.418,70.374,-471.557,-470.040,-319.490,-27.020
534,50251.368000,238.208,67.898,-76.700,426.839,71.115,-476.470,71.960,-288.490,-55.020
535,50251.405000,249.081,33.697,-82.677,421.102,79.623,-484.139,-132.040,-265.490,24.980
536,50251.445000,238.208,43.756,-75.704,418.070,66.909,-487.369,87.960,-248.490,-16.020
537,50251.485000,230.301,59.851,-72.716,410.396,73.630,-487.236,7.960,-241.490,3.980
538,50251.525000,235.243,46.774,-65.743,409.354,67.623,-495.217,61.960,-280.490,13.980
539,50251.566000,236.232,51.804,-61.759,398.735,71.251,-502.024,48.960,-428.490,27.980
540,50251.606000,232.278,51.804,-61.759,387.077,68.032,-510.946,-4.040,-568.490,39.980
541,50251.630000,233.266,50.798,-80.685,369.579,61.778,-522.889,-45.040,-697.490,57.980
542,50251.670000,232.278,49.792,-94.630,350.220,63.251,-535.646,27.960,-830.490,71.980
543,50251.715000,247.104,44.762,-97.619,328.832,54.996,-548.623,12.960,-947.490,124.980
544,50251.761000,295.537,28.668,-96.623,308.503,56.438,-562.363,136.960,-1216.490,200.980
545,50251.793000,304.432,16.597,-98.615,279.295,40.297,-577.493,572.960,-1414.490,72.980
546,50251.838000,358.795,13.580,-69.728,238.369,12.437,-590.946,855.960,-1734.490,-49.020
547,50251.912000,491.243,-43.756,9.961,181.827,-30.095,-602.797,1215.960,-2052.490,-296.020
548,50251.928000,393.390,87.010,-17.930,137.742,-88.620,-597.324,2679.960,-2089.490,-329.020
549,50251.963000,317.282,105.116,-211.175,90.790,-145.081,-584.947,2112.960,-2014.490,-53.020
550,50251.981000,154.193,31.686,-148.420,72.285,-159.650,-577.464,979.960,-1312.490,-323.020
551,50252.13000,135.413,32.692,-50.802,74.992,-182.621,-564.239,1439.960,-13.490,-1026.020
552,50252.46000,118.610,44.762,5.977,109.722,-195.550,-549.743,543.960,935.510,-1183.020
553,50252.86000,129.483,-22.633,-39.844,170.976,-165.614,-539.142,-884.040,2219.510,-1201.020
554,50252.128000,156.170,-35.709,-62.755,257.545,-122.445,-511.524,-906.040,2955.510,-1127.020
555,50252.171000,190.764,-43.756,-76.700,352.779,-89.267,-456.650,-907.040,3960.510,-932.020
556,50252.208000,260.942,-10.562,-123.518,412.197,-59.286,-398.981,-574.040,4625.510,-864.020
557,50252.232000,425.019,-35.709,-171.331,496.901,-27.787,-283.366,-457.040,5320.510,-723.020
558,50252.267000,447.753,61.862,-275.922,546.767,-2.884,-143.455,1105.960,5344.510,-755.020
559,50252.307000,317.282,66.892,-267.953,557.852,19.959,-36.032,371.960,3839.510,-813.020
560,50252.347000,32.618,-67.898,-306.802,555.210,42.670,-16.901,709.960,146.510,-450.020
561,50252.387000,275.768,29.674,-61.759,551.098,28.868,-69.191,-443.040,-2209.490,266.980
562,50252.427000,267.861,-50.798,-169.339,534.605,33.541,-114.232,-2059.040,-1855.490,200.980
563,50252.467000,252.046,3.521,-129.494,520.033,34.586,-148.563,-514.040,-2365.490,135.980
564,50252.515000,238.208,39.733,-175.315,502.545,37.221,-197.575,-875.040,-1502.490,-74.020
565,50252.527000,305.421,-5.532,-143.440,489.973,43.312,-223.944,-69.040,-1015.490,64.980
566,50252.572000,265.884,-2.515,-79.689,483.045,31.186,-242.860,353.960,-798.490,-134.020
567,50252.610000,265.884,50.798,-77.696,473.420,39.484,-258.387,327.960,-466.490,-208.020
568,50252.646000,240.185,66.892,-43.829,468.467,27.765,-259.638,685.960,-307.490,-101.020
569,50252.686000,239.197,69.910,-18.926,464.580,28.440,-271.399,402.960,-383.490,-65.020
570,50252.731000,236.232,65.886,-30.879,460.633,22.383,-280.368,328.960,-527.490,-13.020
571,50252.770000,239.197,62.868,-33.868,447.994,19.024,-295.179,469.960,-706.490,27.980
572,50252.835000,240.185,57.839,-30.879,435.271,7.812,-314.087,391.960,-875.490,62.980
573,50252.840000,243.151,50.798,-66.739,418.733,2.366,-333.856,276.960,-1001.490,85.980
574,50252.887000,248.093,45.768,-76.700,400.238,-5.062,-354.654,326.960,-1041.490,107.980
575,50252.913000,270.826,55.827,-54.786,384.735,-4.566,-369.385,195.960,-1209.490,188.980
576,50252.948000,277.745,28.668,-61.759,354.615,-12.258,-397.078,82.960,-1620.490,289.980
577,50252.988000,351.876,5.532,-73.712,315.711,-27.824,-425.945,636.960,-1821.490,160.980
578,50253.28000,408.216,-11.568,-6.973,266.034,-57.948,-450.254,1403.960,-2091.490,157.980
579,50253.72000,512.988,81.980,173.323,209.521,-95.798,-469.846,2025.960,-2293.490,223.980
580,50253.112000,471.475,91.033,-197.230,137.642,-123.032,-485.312,987.960,-2575.490,810.980
581,50253.128000,302.456,81.980,-97.619,80.437,-135.368,-491.590,684.960,-1869.490,654.980
582,50253.171000,86.981,-43.756,-205.198,65.908,-137.430,-490.686,516.960,-373.490,93.980
583,50253.215000,99.830,53.815,-18.926,69.629,-154.674,-482.235,659.960,646.510,-101.020
584,50253.255000,85.004,19.615,-37.852,105.541,-143.516,-476.027,-449.040,1732.510,-320.020
585,50253.287000,99.830,-9.556,-62.755,166.707,-124.993,-454.894,-690.040,2993.510,-451.020
586,50253.327000,127.506,-4.527,-73.712,249.157,-110.665,-413.214,-485.040,3763.510,-604.020
587,50253.367000,198.672,-1.509,-120.529,332.608,-98.635,-344.125,-392.040,4712.510,-805.020
588,50253.410000,320.247,46.774,-167.346,385.086,-87.059,-281.976,-253.040,5187.510,-994.020
589,50253.455000,496.185,27.662,-246.039,434.911,-60.797,-168.512,-861.040,5711.510,-1270.020
590,50253.470000,301.467,86.004,-335.689,463.229,-55.367,-66.343,1029.960,4509.510,-708.020
591,50253.510000,43.490,51.804,-296.840,457.590,-45.025,-34.744,1215.960,192.510,-593.020
592,50253.550000,220.417,52.809,-211.175,457.484,-46.923,-76.955,-1.040,-2187.490,196.980
593,50253.595000,340.015,-94.051,56.778,439.979,-45.324,-128.931,-2790.040,-1711.490,110.980
594,50253.630000,398.332,28.668,-207.191,428.263,-48.220,-167.266,-684.040,-2560.490,-58.020
595,50253.728000,113.668,81.980,-213.167,403.118,-36.944,-217.082,-1234.040,-1973.490,-75.020
596,50253.793000,318.270,-93.045,-121.525,389.506,-38.607,-242.645,394.960,-1218.490,56.980
597,50253.803000,240.185,39.733,-82.677,375.912,-40.098,-260.359,117.960,-1037.490,-33.020
598,50253.817000,269.838,-1.509,-86.661,369.122,-38.568,-276.030,120.960,-628.490,-160.020
599,50253.825000,247.104,64.880,-65.743,360.435,-34.942,-283.813,384.960,-479.490,-70.020
600,50253.857000,240.185,54.821,-48.809,351.640,-42.038,-293.795,45.960,-463.490,-40.020
601,50253.917000,239.197,51.804,-40.840,345.767,-48.028,-298.844,405.960,-479.490,-47.020
602,50253.936000,232.278,53.815,-48.809,338.947,-51.201,-307.755,201.960,-573.490,-4.020
603,50253.968000,236.232,45.768,-49.805,329.283,-48.555,-315.562,144.960,-726.490,31.980
604,50254.8000,242.162,42.750,-79.689,314.659,-56.808,-331.466,75.960,-837.490,75.980
605,50254.48000,245.127,34.703,-89.650,301.001,-65.959,-344.447,195.960,-885.490,97.980
606,50254.72000,250.069,28.668,-76.700,281.611,-68.305,-354.346,287.960,-948.490,127.980
607,50254.117000,261.931,12.574,-59.767,266.072,-72.555,-364.280,130.960,-1291.490,211.980
608,50254.147000,299.490,33.697,-72.716,236.928,-81.036,-384.143,275.960,-1639.490,265.980
609,50254.190000,380.541,-23.639,-58.770,198.916,-107.876,-396.587,1122.960,-1836.490,161.980
610,50254.235000,512.988,25.650,76.700,148.256,-143.447,-403.367,1892.960,-2030.490,225.980
611,50254.280000,362.749,117.187,-167.346,93.869,-166.240,-401.046,1194.960,-2107.490,282.980
612,50254.312000,317.282,52.809,-269.946,36.639,-183.214,-397.620,1139.960,-1857.490,702.980
613,50254.355000,178.903,70.916,-205.198,-1.161,-193.938,-383.228,821.960,-1531.490,770.980
614,50254.371000,76.108,33.697,-138.459,-36.967,-197.027,-375.527,641.960,-114.490,149.980
615,50254.413000,80.062,47.780,-15.938,-34.115,-202.759,-372.706,244.960,910.510,-90.020
616,50254.453000,101.807,-35.709,-51.798,-11.656,-180.299,-376.083,-499.040,2169.510,-179.020
617,50254.533000,139.367,-27.662,-84.669,41.806,-154.473,-372.455,-723.040,2856.510,-161.020
618,50254.553000,173.961,-7.544,-111.564,109.782,-131.116,-355.122,-841.040,3472.510,-211.020
619,50254.572000,242.162,37.721,-159.377,182.556,-114.250,-326.155,-1096.040,3930.510,-261.020
620,50254.611000,337.050,42.750,-185.276,224.405,-93.845,-299.136,-1772.040,4054.510,-164.020
621,50254.663000,346.934,108.134,-234.086,281.932,-57.302,-251.132,-3080.040,3792.510,56.980
622,50254.670000,288.618,-59.851,-269.946,315.297,-17.241,-208.985,-4286.040,2800.510,-57.020
623,50254.715000,110.703,111.151,-293.852,333.997,8.892,-176.003,-2534.040,1209.510,210.980
624,50254.752000,128.494,21.627,-313.774,332.176,21.409,-179.652,-1064.040,-746.490,-224.020
625,50254.797000,476.417,114.169,320.747,317.647,22.864,-195.341,-1228.040,-883.490,-559.020
626,50254.830000,394.378,-131.269,-22.911,311.899,32.149,-211.818,-692.040,-2158.490,-502.020
627,50254.873000,277.745,139.316,-145.432,296.538,48.978,-234.032,-1174.040,-1460.490,-334.020
628,50254.912000,255.012,23.639,-125.510,284.009,56.363,-245.663,-1178.040,-1047.490,-82.020
629,50254.950000,270.826,-80.974,-97.619,274.529,78.383,-255.000,-1650.040,-745.490,36.980
630,50254.990000,257.977,16.597,-56.778,267.786,82.114,-258.855,-685.040,-562.490,-27.020
631,50255.13000,251.058,16.597,-64.747,261.214,103.343,-261.339,-1496.040,-593.490,181.980
632,50255.53000,259.954,0.503,-66.739,260.408,120.723,-264.878,-1767.040,-619.490,361.980
633,50255.93000,251.058,-58.845,-67.735,253.632,118.866,-258.069,-1748.040,-692.490,582.980
634,50255.133000,257.977,-98.075,-69.728,245.203,146.095,-251.598,-3164.040,-889.490,1282.980
635,50255.173000,239.197,-10.562,-74.708,246.336,160.020,-236.577,-3617.040,-844.490,1527.980
636,50255.211000,228.324,71.921,-70.724,248.535,182.821,-215.472,-3464.040,-600.490,1429.980
637,50255.251000,242.162,80.974,-88.654,255.519,199.004,-188.620,-3278.040,-440.490,1274.980
638,50255.291000,242.162,68.904,-92.638,260.465,206.257,-169.816,-2658.040,-285.490,1030.980
639,50255.315000,244.139,17.603,-103.595,260.475,204.595,-157.104,-2112.040,-159.490,821.980
640,50255.355000,240.185,12.574,-97.619,272.207,213.813,-140.204,-1904.040,-130.490,739.980
641,50255.395000,224.371,49.792,-91.642,273.178,211.212,-126.530,-1806.040,-151.490,681.980
642,50255.435000,216.463,54.821,-103.595,281.961,216.431,-113.647,-1632.040,-175.490,620.980
643,50255.475000,229.313,48.786,-109.572,285.839,214.786,-101.908,-1130.040,-172.490,492.980
644,50255.515000,243.151,19.615,-101.603,291.577,207.162,-98.142,-819.040,-176.490,452.980
645,50255.552000,241.174,8.550,-100.607,291.525,201.380,-96.309,-583.040,-251.490,432.980
646,50255.595000,239.197,0.503,-102.599,298.314,202.482,-93.329,-460.040,-325.490,453.980
647,50255.611000,243.151,8.550,-99.611,301.198,201.453,-97.268,-305.040,-397.490,501.980
648,50255.650000,249.081,21.627,-75.704,306.873,189.708,-104.381,33.960,-574.490,557.980
649,50255.690000,292.571,50.798,-17.930,313.597,187.552,-117.164,334.960,-863.490,616.980
650,50255.730000,370.656,62.868,18.926,312.380,166.658,-140.185,385.960,-1338.490,730.980
651,50255.770000,364.726,107.128,-75.704,315.200,163.256,-163.791,-225.040,-1611.490,1039.980
652,50255.815000,343.969,101.092,-171.331,319.891,151.329,-178.755,-1182.040,-1819.490,1735.980
653,50255.850000,277.745,89.022,-200.218,329.426,141.284,-198.572,-2166.040,-1815.490,1796.980
654,50255.892000,148.263,-21.627,-104.591,339.112,143.255,-201.449,-1834.040,-622.490,1631.980
655,50255.935000,180.880,87.010,31.875,363.236,134.084,-187.873,-1212.040,585.510,1460.980
656,50255.951000,160.124,74.939,-50.802,396.146,129.291,-155.548,-1293.040,1639.510,1114.980
657,50255.991000,182.857,75.945,-62.755,425.309,130.027,-90.747,-1135.040,2772.510,800.980
658,50256.30000,221.405,76.951,-94.630,439.008,128.130,-6.423,-1104.040,3505.510,453.980
659,50256.70000,256.000,71.921,-116.545,437.158,122.760,59.158,-1225.040,4276.510,-97.020
660,50256.110000,354.842,64.880,-139.455,407.468,133.277,153.473,-1334.040,4657.510,-452.020
661,50256.155000,440.834,65.886,-189.261,361.254,136.729,242.692,-735.040,4877.510,-821.020
662,50256.195000,312.340,-4.527,-285.883,301.593,155.065,308.678,788.960,4101.510,-745.020
663,50256.237000,60.293,-2.515,-292.856,274.677,168.781,326.577,378.960,1173.510,-697.020
664,50256.256000,144.309,13.580,-289.868,296.109,188.902,305.495,513.960,-1419.490,-254.020
665,50256.296000,401.297,25.650,76.700,319.310,193.357,277.203,214.960,-2377.490,113.980
666,50256.332000,202.625,15.591,-183.284,344.007,147.842,270.361,-3442.040,-1914.490,391.980
667,50256.372000,262.919,-94.051,-137.463,372.788,129.075,242.546,-626.040,-1976.490,0.980
668,50256.426000,224.371,-1.509,-160.374,388.180,125.752,217.008,-780.040,-1293.490,-152.020
669,50256.453000,300.479,-5.532,-93.634,398.891,137.075,197.669,215.960,-896.490,-79.020
670,50256.492000,257.977,-1.509,-65.743,404.617,132.860,179.935,-294.040,-677.490,-129.020
671,50256.532000,257.977,24.644,-67.735,409.504,138.667,177.132,-110.040,-489.490,-154.020
672,50256.556000,246.116,31.686,-51.798,411.398,136.529,167.282,468.960,-351.490,-114.020
673,50256.596000,243.151,46.774,-23.907,410.450,141.115,155.614,290.960,-475.490,-92.020
674,50256.636000,239.197,47.780,-30.879,416.315,149.672,145.029,-57.040,-642.490,-40.020
675,50256.676000,237.220,60.857,-34.864,425.947,149.356,126.410,1.960,-802.490,19.980
676,50256.721000,242.162,30.680,-42.833,428.740,142.179,107.624,-225.040,-950.490,66.980
677,50256.751000,239.197,38.727,-68.732,437.410,143.666,83.159,-203.040,-1128.490,100.980
678,50256.791000,249.081,22.633,-84.669,439.248,137.472,65.373,28.960,-1194.490,122.980
679,50256.848000,263.907,24.644,-72.716,445.926,133.115,40.774,130.960,-1415.490,172.980
680,50256.851000,310.363,22.633,-73.712,448.741,133.187,-1.387,118.960,-1788.490,355.980
681,50256.897000,373.622,10.562,-72.716,447.610,127.201,-52.517,846.960,-2032.490,261.980
682,50256.937000,512.988,-44.762,23.907,441.554,113.294,-108.736,1174.960,-2313.490,215.980
683,50256.975000,457.637,152.393,76.700,428.683,97.142,-175.806,2281.960,-2319.490,91.980
684,50257.15000,368.680,143.340,-223.128,418.709,73.919,-212.627,828.960,-2380.490,833.980
685,50257.55000,286.641,33.697,-95.626,400.059,55.316,-256.229,-456.040,-1642.490,593.980
686,50257.93000,46.456,-4.527,-247.035,394.138,47.104,-274.075,844.960,-136.490,-69.020
687,50257.132000,85.992,54.821,2.988,411.516,41.643,-265.334,161.960,969.510,-362.020
688,50257.156000,81.050,4.527,-37.852,436.951,63.074,-228.520,-921.040,2349.510,-565.020
689,50257.196000,122.564,-11.568,-65.743,470.155,82.229,-166.243,-1064.040,3147.510,-710.020
690,50257.236000,184.834,-14.585,-88.654,481.016,91.480,-103.253,-1016.040,4191.510,-716.020
691,50257.276000,286.641,7.544,-152.405,495.050,118.321,8.187,-911.040,4896.510,-761.020
692,50257.316000,365.714,11.568,-178.303,478.037,132.563,133.992,-832.040,5422.510,-787.020
693,50257.353000,512.988,-20.621,-266.957,422.388,153.180,257.896,-115.040,5643.510,-666.020
694,50257.393000,241.174,27.662,-355.611,369.443,163.125,336.458,-623.040,3836.510,-607.020
695,50257.433000,65.236,79.969,-358.599,370.650,190.966,322.369,1019.960,-901.490,-188.020
696,50257.473000,512.988,-141.328,290.864,404.257,172.137,289.660,-357.040,-2260.490,472.980
697,50257.496000,477.405,-149.375,-118.537,428.366,169.871,264.163,-803.040,-2638.490,90.980
698,50257.536000,221.405,214.758,-207.191,459.227,171.877,209.356,197.960,-2214.490,-124.020
699,50257.576000,296.525,-44.762,-163.362,470.761,169.509,184.811,190.960,-1121.490,29.980
700,50257.616000,289.606,-13.580,-79.689,479.485,176.800,159.494,533.960,-827.490,-19.020
701,50257.651000,261.931,7.544,-80.685,482.368,178.404,142.864,-177.040,-598.490,-172.020
702,50257.691000,254.023,53.815,-53.790,483.342,181.994,129.217,630.960,-310.490,-69.020
703,50257.731000,239.197,67.898,-23.907,488.177,182.905,124.344,556.960,-295.490,-74.020
704,50257.771000,233.266,64.880,-19.922,486.234,185.453,108.706,358.960,-433.490,26.980
705,50257.795000,232.278,86.004,-13.946,490.094,188.037,92.100,357.960,-586.490,49.980
706,50257.831000,237.220,60.857,-17.930,495.915,193.530,74.582,106.960,-891.490,121.980
707,50257.871000,252.046,10.562,-63.751,499.640,185.133,44.003,31.960,-1071.490,181.980
708,50257.915000,254.023,15.591,-81.681,501.512,184.547,16.536,145.960,-1106.490,177.980
709,50257.956000,243.151,52.809,-69.728,501.432,181.139,-6.095,245.960,-1208.490,216.980
710,50257.996000,237.220,-12.574,-58.770,502.273,175.539,-40.541,-17.040,-1394.490,299.980
711,50258.36000,332.108,10.562,-95.626,503.090,168.817,-81.876,49.960,-1759.490,396.980
712,50258.81000,372.633,3.521,-61.759,497.995,153.970,-137.134,1031.960,-1844.490,341.980
713,50258.105000,487.290,-11.568,79.689,487.931,126.368,-196.607,1422.960,-2181.490,501.980
714,50258.135000,419.089,166.475,-24.903,465.390,111.049,-265.641,540.960,-2535.490,631.980
715,50258.175000,373.622,77.957,-211.175,444.741,90.054,-328.913,701.960,-2266.490,911.980
716,50258.216000,204.602,43.756,-155.393,432.826,64.116,-355.992,307.960,-1468.490,726.980
717,50258.256000,106.749,67.898,-86.661,429.801,54.983,-372.872,562.960,-300.490,241.980
718,50258.298000,91.923,59.851,-20.918,453.915,44.841,-359.317,47.960,1125.510,-38.020
719,50258.338000,82.039,20.621,-38.848,488.096,69.378,-317.513,-702.040,2180.510,-217.020
720,50258.381000,99.830,12.574,-72.716,535.949,99.677,-240.248,-834.040,3275.510,-430.020
721,50258.397000,186.811,-0.503,-117.541,576.133,130.570,-132.585,-963.040,3938.510,-533.020
722,50258.437000,260.942,47.780,-163.362,592.971,152.973,-47.716,-861.040,4442.510,-826.020
723,50258.477000,378.564,-1.509,-198.226,585.859,187.978,91.320,-1274.040,4634.510,-1025.020
724,50258.517000,420.077,30.680,-234.086,540.066,223.641,233.230,-389.040,4722.510,-1306.020
725,50258.555000,410.193,-108.134,-242.054,468.111,261.293,344.729,-132.040,4019.510,-1211.020
726,50258.596000,76.108,53.815,-300.825,416.198,284.192,394.161,-180.040,2253.510,-684.020
727,50258.636000,228.324,-34.703,-202.210,431.760,296.576,376.817,-425.040,-1425.490,16.980
728,50258.676000,407.228,-31.686,103.595,452.896,283.925,365.793,-1786.040,-1489.490,99.980
729,50258.692000,404.263,122.216,-159.377,489.376,258.674,348.638,-811.040,-2401.490,-23.020
730,50258.732000,131.459,162.452,-147.424,519.199,250.315,308.308,-522.040,-2120.490,54.980
731,50258.775000,263.907,-54.821,-175.315,542.395,254.727,278.055,410.960,-1348.490,91.980
732,50258.815000,274.780,7.544,-84.669,553.877,246.577,255.343,-854.040,-1168.490,23.980
733,50258.855000,258.965,-9.556,-81.681,559.654,249.007,230.892,490.960,-611.490,-139.020
734,50258.897000,251.058,86.004,-74.708,561.750,267.300,223.458,179.960,-444.490,-75.020
735,50258.937000,253.035,10.562,-55.782,559.724,259.363,216.412,-33.040,-224.490,-16.020
736,50258.977000,242.162,51.804,-40.840,566.570,268.944,207.814,198.960,-155.490,-50.020
737,50258.993000,234.255,58.845,-37.852,566.573,270.734,200.989,281.960,-177.490,-29.020
738,50259.41000,234.255,56.833,-37.852,566.621,277.358,193.291,180.960,-250.490,32.980
739,50259.73000,242.162,40.739,-48.809,572.387,276.163,180.528,289.960,-282.490,54.980
740,50259.113000,241.174,46.774,-44.825,576.272,280.753,166.908,320.960,-346.490,80.980
741,50259.158000,243.151,45.768,-40.840,576.196,274.734,157.949,350.960,-448.490,101.980
742,50259.198000,247.104,73.933,-47.813,584.865,275.337,137.386,368.960,-574.490,188.980
743,50259.237000,250.069,60.857,-81.681,588.744,280.747,116.921,326.960,-681.490,216.980
744,50259.277000,240.185,41.745,-115.549,596.370,272.688,100.087,375.960,-562.490,200.980
745,50259.316000,239.197,29.674,-112.560,597.351,277.229,85.480,825.960,-262.490,19.980
746,50259.332000,230.301,102.098,-102.599,588.757,293.196,65.222,1881.960,-47.490,-431.020
747,50259.372000,227.336,102.098,-94.630,576.440,325.500,39.435,3877.960,339.510,-1302.020
748,50259.412000,226.347,39.733,-87.658,548.751,374.525,-13.471,4856.960,629.510,-1773.020
749,50259.460000,236.232,0.503,-50.802,509.348,415.390,-79.332,5378.960,971.510,-1903.020
750,50259.500000,242.162,-31.686,-46.817,477.413,429.081,-148.723,4759.960,1096.510,-1568.020
751,50259.540000,261.931,-34.703,-56.778,462.910,436.060,-178.018,2172.960,1180.510,-651.020
752,50259.580000,309.375,-107.128,-49.805,476.340,423.657,-174.342,732.960,722.510,289.980
753,50259.618000,258.965,-10.562,-86.661,483.001,411.209,-169.701,625.960,816.510,-101.020
754,50259.635000,237.220,-25.650,-107.580,483.716,392.945,-206.390,4178.960,1109.510,-440.020
755,50259.675000,229.313,-36.715,-115.549,484.163,350.992,-261.256,5233.960,936.510,-850.020
756,50259.715000,202.625,16.597,-51.798,484.427,288.780,-310.689,4212.960,582.510,-539.020
757,50259.760000,238.208,58.845,-21.914,482.984,247.239,-345.937,3798.960,382.510,-558.020
758,50259.800000,244.139,61.862,-15.938,480.487,196.045,-378.460,4480.960,180.510,-790.020
759,50259.838000,251.058,90.028,-31.875,477.870,131.367,-406.379,3996.960,-149.490,-798.020
760,50259.881000,246.116,164.464,-14.942,469.948,115.456,-420.478,2490.960,-338.490,-755.020
761,50259.913000,223.382,44.762,-86.661,460.060,95.707,-431.725,1619.960,-196.490,-846.020
762,50259.937000,207.568,71.921,-90.646,455.901,67.363,-439.227,2911.960,46.510,-1119.020
763,50259.977000,257.977,-66.892,-76.700,454.630,38.033,-448.707,1341.960,-184.490,-498.020
764,50260.20000,261.931,91.033,-61.759,447.050,56.210,-457.145,-1098.040,-516.490,175.980
765,50260.55000,235.243,44.762,-69.728,436.503,66.700,-460.857,-62.040,-318.490,-34.020
766,50260.95000,259.954,80.974,-49.805,436.414,58.804,-466.917,28.960,-323.490,-65.020
767,50260.140000,251.058,27.662,-87.658,422.920,65.317,-473.665,-301.040,-283.490,-43.020
768,50260.176000,247.104,55.827,-93.634,420.988,66.204,-476.592,182.960,-160.490,-98.020
769,50260.218000,242.162,42.750,-93.634,416.205,72.845,-481.358,-36.040,-95.490,-60.020
770,50260.235000,236.232,54.821,-78.693,417.108,65.195,-476.622,243.960,-8.490,-97.020
771,50260.275000,232.278,58.845,-70.724,416.104,62.187,-480.614,278.960,-48.490,-81.020
772,50260.321000,230.301,63.874,-63.751,414.129,59.148,-485.589,317.960,-185.490,-44.020
773,50260.353000,233.266,59.851,-53.790,407.306,55.069,-491.578,359.960,-351.490,-15.020
774,50260.397000,235.243,59.851,-73.712,398.503,47.023,-500.601,229.960,-567.490,39.980
775,50260.465000,233.266,47.780,-93.634,384.892,41.842,-509.570,133.960,-664.490,65.980
776,50260.476000,229.313,50.798,-105.588,365.429,32.636,-522.564,104.960,-741.490,49.980
777,50260.521000,247.104,32.692,-100.607,344.109,31.199,-534.409,192.960,-774.490,49.980
778,50260.537000,258.965,29.674,-81.681,323.667,20.990,-548.408,225.960,-977.490,101.980
779,50260.580000,298.502,46.774,-83.673,300.395,17.614,-559.319,277.960,-1352.490,169.980
780,50260.620000,336.062,-12.574,-85.665,263.389,-4.449,-575.578,765.960,-1538.490,51.980
781,50260.661000,452.695,-37.721,18.926,218.524,-40.049,-586.269,1155.960,-1846.490,-105.020
782,50260.693000,403.274,149.375,0.996,170.629,-91.881,-583.598,2348.960,-1903.490,-310.020
783,50260.745000,368.680,54.821,-228.109,116.081,-132.063,-577.740,1736.960,-2233.490,157.980
784,50260.808000,289.606,58.845,-110.568,76.092,-169.019,-563.934,1432.960,-1515.490,36.980
785,50260.815000,121.575,-2.515,-143.440,67.296,-180.517,-553.421,990.960,-235.490,-596.020
786,50260.855000,135.413,23.639,-25.899,82.683,-194.455,-532.123,1030.960,750.510,-780.020
787,50260.878000,116.633,6.538,-22.911,134.075,-184.031,-521.977,-502.040,1712.510,-904.020
788,50260.921000,143.320,-41.745,-56.778,205.911,-162.492,-500.754,-668.040,2881.510,-886.020
789,50260.961000,180.880,-35.709,-81.681,288.506,-134.442,-452.885,-547.040,3656.510,-843.020
790,50261.1000,250.069,-16.597,-122.521,387.576,-107.720,-384.418,-334.040,4587.510,-910.020
791,50261.41000,318.270,7.544,-132.482,468.248,-91.016,-277.965,-507.040,5121.510,-1007.020
792,50261.78000,477.405,-48.786,-224.125,509.404,-54.785,-192.738,-172.040,5467.510,-770.020
793,50261.118000,368.680,50.798,-272.934,535.053,-29.535,-70.521,578.960,4361.510,-614.020
794,50261.157000,-3.954,-94.051,-323.735,536.329,-7.196,-25.893,1189.960,457.510,-531.020
795,50261.181000,189.776,103.104,-165.354,526.603,-4.269,-65.075,708.960,-1857.490,75.980
796,50261.221000,330.131,-113.163,-88.654,523.640,0.406,-115.972,-3041.040,-1675.490,143.980
797,50261.261000,319.259,10.562,-197.230,501.371,9.704,-168.768,-1028.040,-2289.490,111.980
798,50261.301000,210.533,217.776,-133.479,490.679,11.758,-203.068,-643.040,-1901.490,-82.020
799,50261.341000,297.514,6.538,-124.514,474.280,22.622,-231.301,4.960,-1053.490,39.980
800,50261.377000,286.641,-10.562,-67.735,464.495,16.185,-255.000,322.960,-873.490,-15.020
801,50261.420000,256.988,53.815,-68.732,454.813,18.658,-270.656,-186.040,-659.490,-124.020
802,50261.460000,244.139,50.798,-50.802,448.953,15.430,-282.508,370.960,-518.490,-19.020
803,50261.476000,239.197,67.898,-33.868,436.315,12.072,-297.319,135.960,-617.490,15.980
804,50261.516000,241.174,50.798,-39.844,429.494,8.014,-302.327,-83.040,-686.490,49.980
805,50261.561000,239.197,60.857,-44.825,418.844,10.478,-317.985,165.960,-729.490,40.980
806,50261.601000,240.185,43.756,-51.798,406.248,11.931,-334.651,-188.040,-864.490,71.980
807,50261.666000,237.220,47.780,-79.689,388.784,10.402,-352.373,-147.040,-940.490,56.980
808,50261.685000,251.058,22.633,-97.619,372.326,13.650,-373.911,-49.040,-929.490,59.980
809,50261.717000,271.815,38.727,-47.813,353.866,9.200,-391.700,250.960,-1032.490,60.980
810,50261.757000,280.710,67.898,-56.778,320.820,-1.391,-417.502,-13.040,-1593.490,270.980
811,50261.780000,319.259,58.845,-78.693,294.642,-3.953,-434.285,545.960,-1848.490,182.980
812,50261.820000,401.297,-32.692,-38.848,247.970,-23.392,-459.332,925.960,-2077.490,132.980
813,50261.860000,512.988,-54.821,150.412,194.345,-62.227,-480.901,1931.960,-2284.490,-43.020
814,50261.900000,416.124,134.287,-159.377,135.901,-101.821,-490.729,1967.960,-2380.490,194.980
815,50261.940000,309.375,63.874,-106.584,81.435,-131.540,-494.445,1162.960,-1965.490,504.980
816,50261.975000,62.270,-68.904,-196.233,59.106,-140.430,-491.747,427.960,-902.490,72.980
817,50262.17000,98.842,40.739,6.973,63.822,-154.752,-483.229,1005.960,621.510,-537.020
818,50262.62000,85.004,35.709,7.969,98.643,-157.994,-469.499,-472.040,1666.510,-736.020
819,50262.81000,105.761,-39.733,-60.763,156.013,-130.879,-453.085,-949.040,2937.510,-727.020
820,50262.121000,139.367,-39.733,-70.724,234.641,-110.849,-415.210,-768.040,3729.510,-702.020
821,50262.158000,195.707,-26.656,-108.576,318.169,-89.284,-353.754,-738.040,4535.510,-702.020
822,50262.202000,351.876,12.574,-172.327,390.112,-72.880,-257.134,-633.040,5349.510,-777.020
823,50262.242000,512.988,-7.544,-272.934,428.098,-62.135,-182.285,-855.040,5802.510,-657.020
824,50262.285000,444.788,13.580,-321.743,451.503,-63.636,-84.203,-536.040,3962.510,-339.020
825,50262.327000,5.931,-59.851,-381.510,454.509,-59.098,-55.657,1033.960,963.510,-534.020
826,50262.362000,232.278,123.222,-23.907,443.656,-73.549,-90.323,868.960,-2284.490,380.980
827,50262.385000,272.803,-118.193,-244.047,431.964,-70.059,-147.149,-1998.040,-2157.490,34.980
828,50262.421000,235.243,222.806,-157.385,405.700,-74.326,-197.313,-87.040,-2290.490,-121.020
829,50262.458000,327.166,-65.886,-139.455,390.285,-62.417,-222.578,-965.040,-1257.490,-128.020
830,50262.506000,285.652,-4.527,-67.735,386.369,-64.655,-234.404,668.960,-844.490,-49.020
831,50262.536000,242.162,54.821,-57.774,378.631,-62.077,-246.131,-238.040,-629.490,-191.020
832,50262.576000,257.977,37.721,-60.763,372.776,-64.377,-259.923,187.960,-435.490,-127.020
833,50262.616000,249.081,55.827,-30.879,367.830,-75.147,-262.134,591.960,-344.490,-109.020
834,50262.656000,243.151,48.786,-20.918,361.097,-69.560,-269.870,50.960,-448.490,-14.020
835,50262.696000,234.255,67.898,-21.914,354.236,-76.638,-279.848,295.960,-586.490,-1.020
836,50262.720000,243.151,32.692,-34.864,344.539,-77.832,-285.779,-53.040,-768.490,72.980
837,50262.788000,243.151,39.733,-42.833,333.858,-79.187,-298.580,-27.040,-932.490,90.980
838,50262.807000,251.058,28.668,-71.720,317.324,-85.475,-312.484,53.960,-962.490,116.980
839,50262.838000,250.069,13.580,-83.673,297.847,-94.811,-331.365,205.960,-1000.490,144.980
840,50262.878000,266.873,59.851,-52.794,278.434,-99.142,-343.270,187.960,-1195.490,243.980
841,50262.935000,261.931,34.703,-60.763,248.273,-112.508,-364.224,-22.040,-1484.490,343.980
842,50262.970000,332.108,4.527,-83.673,221.104,-118.835,-375.209,744.960,-1675.490,244.980
843,50263.0,426.996,-18.609,35.860,183.162,-138.835,-385.539,1175.960,-1828.490,347.980
844,50263.22000,512.988,22.633,126.506,131.508,-178.191,-387.502,1546.960,-2141.490,438.980
845,50263.61000,429.961,123.222,-128.498,59.767,-194.423,-388.014,478.960,-2476.490,810.980
846,50263.101000,332.108,88.016,-155.393,-4.076,-195.843,-380.334,575.960,-1844.490,712.980
847,50263.143000,164.077,54.821,-124.514,-48.468,-186.418,-373.354,235.960,-906.490,411.980
848,50263.181000,124.541,60.857,-57.774,-65.778,-175.908,-373.157,364.960,91.510,114.980
849,50263.227000,89.946,47.780,-21.914,-56.845,-152.522,-372.619,-600.040,1470.510,-129.020
850,50263.257000,112.680,6.538,-66.739,-13.046,-124.029,-375.817,-965.040,2384.510,-213.020
851,50263.302000,131.459,15.591,-72.716,54.896,-102.765,-365.396,-781.040,3388.510,-339.020
852,50263.363000,199.660,15.591,-112.560,134.501,-79.101,-339.205,-946.040,4033.510,-410.020
853,50263.371000,275.768,26.656,-154.397,217.911,-66.597,-292.661,-293.040,4585.510,-658.020
854,50263.421000,391.413,58.845,-171.331,279.253,-39.337,-227.203,-582.040,4713.510,-993.020
855,50263.440000,437.869,8.550,-199.222,313.369,-25.998,-165.053,-977.040,4670.510,-1200.020
856,50263.480000,206.579,57.839,-254.008,332.126,-3.727,-87.047,288.960,3554.510,-620.020
857,50263.520000,3.954,-55.827,-273.930,336.149,4.833,-52.526,570.960,778.510,-704.020
858,50263.567000,136.402,-3.521,-273.930,334.023,-11.108,-70.536,-588.040,-1984.490,73.980
859,50263.598000,468.510,-116.181,199.222,337.759,-20.283,-92.306,-1560.040,-1410.490,69.980
860,50263.622000,429.961,31.686,-109.572,327.076,-17.258,-126.585,-929.040,-2389.490,76.980
861,50263.670000,186.811,31.686,-169.339,316.382,-18.742,-145.273,-1486.040,-1998.490,-66.020
862,50263.702000,327.166,-101.092,-115.549,306.688,-16.377,-165.835,273.960,-1232.490,71.980
863,50263.737000,246.116,21.627,-81.681,298.864,-21.673,-182.640,-279.040,-1087.490,-31.020
864,50263.783000,264.896,4.527,-80.685,295.049,-14.138,-191.307,-274.040,-720.490,-171.020
865,50263.848000,248.093,59.851,-62.755,287.218,-22.131,-198.365,382.960,-422.490,-163.020
866,50263.862000,244.139,45.768,-53.790,281.499,-12.566,-202.087,35.960,-353.490,-145.020
867,50263.903000,244.139,44.762,-36.856,283.334,-20.551,-213.048,368.960,-341.490,-149.020
868,50263.942000,241.174,53.815,-37.852,280.431,-21.464,-209.152,80.960,-438.490,-52.020
869,50263.958000,239.197,54.821,-50.802,275.611,-17.822,-217.907,168.960,-533.490,-5.020
870,50264.2000,237.220,53.815,-66.739,270.753,-18.948,-222.846,158.960,-585.490,35.980
871,50264.38000,224.371,57.839,-78.693,263.862,-29.844,-229.967,199.960,-594.490,34.980
872,50264.78000,225.359,62.868,-74.708,258.931,-37.831,-238.000,367.960,-638.490,105.980
873,50264.118000,234.255,57.839,-55.782,246.330,-38.190,-248.821,417.960,-795.490,189.980
874,50264.158000,275.768,89.022,-80.685,242.366,-46.168,-256.852,609.960,-989.490,263.980
875,50264.211000,287.629,7.544,-133.479,228.677,-60.021,-263.072,806.960,-811.490,17.980
876,50264.220000,235.243,104.110,-135.471,226.517,-84.204,-258.710,2756.960,-345.490,-854.020
877,50264.260000,214.486,128.251,-127.502,239.856,-109.811,-237.676,4014.960,9.510,-1385.020
878,50264.301000,201.637,101.092,-98.615,248.407,-132.358,-207.758,4723.960,420.510,-1890.020
879,50264.340000,220.417,25.650,-82.677,274.430,-152.405,-160.096,5124.960,743.510,-2106.020
880,50264.382000,258.965,-28.668,-55.782,293.810,-158.085,-118.013,5492.960,1163.510,-2265.020
881,50264.418000,261.931,-31.686,-36.856,315.391,-140.058,-57.747,5443.960,1278.510,-2240.020
882,50264.458000,254.023,-42.750,-27.891,331.253,-112.464,-1.203,5043.960,1284.510,-2099.020
883,50264.498000,225.359,-34.703,-23.907,338.516,-70.716,40.927,4730.960,1103.510,-1848.020
884,50264.538000,236.232,-8.550,-17.930,340.829,-38.896,74.980,4395.960,881.510,-1669.020
885,50264.558000,250.069,-8.550,-21.914,338.403,7.030,90.705,3611.960,591.510,-1384.020
886,50264.598000,259.954,17.603,-15.938,336.636,24.465,90.107,3038.960,403.510,-1131.020
887,50264.638000,262.919,5.532,-33.868,333.124,60.436,94.821,2345.960,225.510,-1012.020
888,50264.678000,254.023,24.644,-51.798,323.679,85.433,88.491,2231.960,171.510,-990.020
889,50264.725000,235.243,43.756,-67.735,323.936,113.437,82.249,1791.960,135.510,-855.020
890,50264.765000,226.347,38.727,-73.712,321.204,131.769,78.727,1263.960,70.510,-652.020
891,50264.805000,194.718,-0.503,-105.588,318.323,134.589,75.842,646.960,54.510,-179.020
892,50264.847000,280.710,145.352,-31.875,317.297,128.732,74.729,-420.040,-56.490,-60.020
893,50264.866000,220.417,61.862,-57.774,322.151,130.700,73.802,-168.040,-32.490,-49.020
894,50264.898000,254.023,56.833,-49.805,319.272,133.541,71.898,-108.040,-104.490,-85.020
895,50264.938000,246.116,47.780,-83.673,318.367,140.284,70.084,16.960,-182.490,-74.020
896,50264.978000,246.116,57.839,-84.669,323.204,141.216,66.192,251.960,-120.490,-22.020
897,50265.18000,248.093,45.768,-87.658,322.244,142.156,65.231,150.960,-97.490,-29.020
898,50265.58000,238.208,53.815,-82.677,325.064,134.353,62.121,157.960,-50.490,-46.020
899,50265.98000,233.266,52.809,-75.704,323.156,138.109,57.297,79.960,-57.490,-58.020
900,50265.138000,233.266,57.839,-67.735,321.296,145.857,57.465,204.960,-108.490,-78.020
901,50265.160000,233.266,55.827,-64.747,317.413,144.806,55.473,213.960,-247.490,-59.020
902,50265.198000,235.243,50.798,-66.739,325.158,147.578,45.744,256.960,-355.490,-45.020
903,50265.238000,232.278,53.815,-67.735,322.231,147.313,34.944,269.960,-506.490,-45.020
904,50265.278000,229.313,55.827,-76.700,323.197,149.070,26.160,216.960,-622.490,-50.020
905,50265.318000,234.255,60.857,-89.650,324.083,143.901,11.337,211.960,-731.490,-31.020
906,50265.358000,243.151,64.880,-94.630,326.052,149.529,1.659,203.960,-844.490,-2.020
907,50265.401000,272.803,66.892,-98.615,329.861,147.216,-17.017,307.960,-1007.490,29.980
908,50265.441000,304.432,34.703,-111.564,326.859,140.952,-35.795,623.960,-1115.490,-68.020
909,50265.463000,382.517,-26.656,-62.755,327.759,139.430,-61.324,817.960,-1234.490,-57.020
910,50265.507000,411.181,-50.798,-0.996,324.718,131.031,-88.975,1592.960,-1578.490,-145.020
911,50265.543000,476.417,40.739,142.444,318.710,118.461,-128.493,2499.960,-1768.490,-246.020
912,50265.583000,434.903,40.739,-175.315,319.610,116.939,-154.022,1239.960,-2360.490,209.980
913,50265.620000,279.722,88.016,-101.603,312.513,89.991,-185.036,1310.960,-1763.490,232.980
914,50265.662000,109.714,-33.697,-220.140,320.070,73.346,-195.196,680.960,-398.490,-113.020
915,50265.702000,111.691,63.874,-21.914,340.270,60.103,-188.583,1327.960,661.510,-295.020
916,50265.742000,95.876,48.786,-33.868,367.499,67.875,-155.991,-248.040,1966.510,-520.020
917,50265.763000,119.598,23.639,-57.774,392.960,87.796,-99.597,-539.040,2773.510,-655.020
918,50265.803000,151.228,0.503,-75.704,403.845,101.685,-46.311,-601.040,3520.510,-746.020
919,50265.840000,216.463,13.580,-119.533,403.343,129.032,50.400,-610.040,4392.510,-883.020
920,50265.880000,328.154,49.792,-148.420,373.756,148.459,152.758,-766.040,4828.510,-1059.020
921,50265.918000,446.764,-27.662,-217.152,315.116,165.553,250.099,-1110.040,5354.510,-1164.020
922,50265.963000,330.131,96.063,-316.763,250.696,193.400,309.421,1021.960,4659.510,-815.020
923,50266.3000,22.734,-94.051,-322.739,216.996,206.057,326.302,147.960,1248.510,-738.020
924,50266.43000,122.564,-1.509,-312.778,230.622,217.538,312.857,193.960,-1785.490,-8.020
925,50266.83000,512.000,-9.556,344.654,268.175,203.882,293.020,-2811.040,-1538.490,92.980
926,50266.100000,473.452,-190.617,-108.576,303.689,178.643,276.844,-1286.040,-2477.490,135.980
927,50266.140000,181.869,176.534,-206.195,329.786,183.062,245.615,-139.040,-2003.490,-174.020
928,50266.180000,302.456,-33.697,-139.455,346.157,179.857,224.985,141.960,-1054.490,48.980
929,50266.221000,259.954,15.591,-73.712,355.822,183.382,204.490,394.960,-830.490,-25.020
930,50266.261000,253.035,42.750,-73.712,358.801,193.831,192.960,69.960,-510.490,-188.020
931,50266.301000,250.069,58.845,-55.782,360.767,198.553,186.204,557.960,-321.490,-57.020
932,50266.346000,240.185,65.886,-27.891,358.867,205.028,172.615,544.960,-354.490,-48.020
933,50266.383000,242.162,46.774,-30.879,366.588,204.931,164.784,298.960,-494.490,23.980
934,50266.410000,233.266,79.969,-32.872,372.400,209.454,147.244,536.960,-630.490,59.980
935,50266.440000,242.162,36.715,-40.840,375.235,206.203,130.507,255.960,-784.490,121.980
936,50266.480000,242.162,45.768,-64.747,384.912,211.604,107.111,342.960,-896.490,110.980
937,50266.520000,253.035,39.733,-66.739,386.825,212.292,93.401,257.960,-995.490,137.980
938,50266.565000,254.023,67.898,-47.813,394.443,205.032,68.740,160.960,-1178.490,230.980
939,50266.610000,260.942,27.662,-51.798,403.061,203.391,34.398,-38.040,-1624.490,359.980
940,50266.650000,334.085,9.556,-94.630,407.741,195.758,-5.968,623.960,-1796.490,230.980
941,50266.682000,446.764,-33.697,25.899,410.482,190.717,-60.011,1116.960,-2056.490,315.980
942,50266.706000,478.394,166.475,143.440,406.331,174.779,-121.174,1813.960,-2246.490,387.980
943,50266.746000,414.147,71.921,-223.128,397.266,151.889,-187.406,1002.960,-2524.490,900.980
944,50266.788000,360.772,119.198,-149.416,386.354,130.707,-219.280,506.960,-2074.490,895.980
945,50266.821000,173.961,41.745,-123.518,382.186,106.679,-251.204,-152.040,-929.490,583.980
946,50266.861000,112.680,59.851,-51.798,384.863,85.175,-259.521,593.960,530.510,262.980
947,50266.901000,61.282,70.916,-28.887,406.206,86.828,-237.864,-266.040,1577.510,112.980
948,50266.943000,88.958,37.721,-64.747,444.056,89.224,-189.679,-878.040,2818.510,-29.020
949,50266.981000,137.390,44.762,-87.658,473.235,89.247,-113.125,-864.040,3643.510,-206.020
950,50267.5000,189.776,38.727,-122.521,488.971,101.544,-46.134,-846.040,4575.510,-525.020
951,50267.45000,282.687,74.939,-160.374,487.410,115.678,67.933,-543.040,4914.510,-980.020
952,50267.84000,451.707,36.715,-218.148,453.124,144.313,194.021,-844.040,5202.510,-1489.020
953,50267.125000,458.625,-166.475,-277.914,392.674,174.915,288.716,71.960,4523.510,-1415.020
954,50267.165000,4.942,75.945,-341.665,352.440,207.399,327.598,564.960,2609.510,-956.020
955,50267.202000,192.741,-58.845,-219.144,370.857,214.957,310.153,-291.040,-1677.490,-166.020
956,50267.242000,356.819,-127.246,-18.926,388.012,193.271,287.153,-2187.040,-1906.490,245.980
957,50267.282000,396.355,-208.723,-156.389,424.374,158.096,259.971,-1254.040,-2625.490,107.980
958,50267.306000,142.332,283.159,-168.342,453.261,153.547,216.781,-1118.040,-2133.490,-72.020
959,50267.346000,342.981,-64.880,-156.389,463.875,156.908,188.439,335.960,-1130.490,105.980
960,50267.386000,269.838,9.556,-89.650,470.646,163.123,159.172,614.960,-965.490,-32.020
961,50267.426000,259.954,42.750,-87.658,475.437,160.970,147.366,-353.040,-680.490,-173.020
962,50267.466000,245.127,63.874,-50.802,478.370,167.449,131.825,704.960,-345.490,-44.020
963,50267.506000,243.151,64.880,-34.864,477.462,175.056,125.128,605.960,-358.490,-74.020
964,50267.546000,246.116,37.721,-31.875,483.230,173.882,113.346,253.960,-510.490,6.980
965,50267.590000,230.301,79.969,-36.856,483.266,182.146,91.955,591.960,-619.490,7.980
966,50267.622000,244.139,39.733,-42.833,489.920,174.035,73.156,117.960,-837.490,120.980
967,50267.646000,248.093,47.780,-70.724,488.943,178.341,48.733,143.960,-906.490,115.980
968,50267.686000,239.197,27.662,-70.724,493.649,170.082,24.043,194.960,-969.490,157.980
969,50267.726000,277.745,39.733,-41.837,496.549,174.490,2.573,207.960,-1163.490,258.980
970,50267.761000,248.093,6.538,-52.794,497.381,167.919,-31.895,81.960,-1514.490,339.980
971,50267.805000,321.236,24.644,-97.619,496.155,151.340,-79.337,703.960,-1793.490,309.980
972,50267.846000,408.216,-9.556,-2.988,487.216,140.231,-139.423,1090.960,-1968.490,388.980
973,50267.886000,512.988,101.092,147.424,473.417,127.090,-201.525,1528.960,-2268.490,440.980
974,50267.922000,429.961,77.957,-205.198,449.869,106.972,-267.726,684.960,-2571.490,815.980
975,50267.953000,289.606,76.951,-94.630,431.152,80.688,-307.575,732.960,-1923.490,778.980
976,50267.986000,97.853,-34.703,-193.245,423.266,73.040,-343.065,187.960,-871.490,454.980
977,50268.25000,107.737,52.809,-116.545,426.051,62.259,-349.183,479.960,557.510,16.980
978,50268.72000,80.062,65.886,-14.942,449.451,75.667,-323.338,-472.040,1598.510,-217.020
979,50268.105000,105.761,-6.538,-67.735,492.396,103.482,-268.694,-1058.040,2555.510,-313.020
980,50268.145000,137.390,-8.550,-75.704,533.487,133.802,-187.520,-778.040,3588.510,-510.020
981,50268.181000,224.371,-24.644,-130.490,563.854,157.071,-113.390,-651.040,4261.510,-634.020
982,50268.227000,308.386,48.786,-163.362,570.168,184.030,6.862,28.960,4733.510,-1031.020
983,50268.243000,386.471,47.780,-171.331,546.617,219.824,144.900,-598.040,4865.510,-1213.020
984,50268.283000,442.811,22.633,-212.171,488.150,247.381,276.797,-842.040,4582.510,-1090.020
985,50268.322000,261.931,86.004,-258.988,434.253,255.699,370.031,-1022.040,3350.510,-459.020
986,50268.365000,65.236,71.921,-281.899,423.846,278.982,374.448,257.960,-819.490,-219.020
987,50268.405000,453.683,-83.992,282.895,456.607,270.996,349.823,-510.040,-2087.490,354.980
988,50268.451000,420.077,-76.951,-93.634,477.628,246.673,337.560,-1803.040,-1946.490,-83.020
989,50268.486000,192.741,51.804,-28.887,516.171,241.161,290.447,-1493.040,-2658.490,-63.020
990,50268.531000,109.714,90.028,-173.323,543.172,241.468,248.342,-176.040,-1743.490,-132.020
991,50268.547000,331.120,17.603,-97.619,556.591,236.875,210.023,-866.040,-1430.490,37.980
992,50268.585000,254.023,-22.633,-89.650,571.058,236.585,190.434,-404.040,-1007.490,-157.020
993,50268.625000,260.942,78.963,-80.685,567.242,246.753,169.077,519.960,-621.490,-201.020
994,50268.667000,258.965,13.580,-73.712,573.999,247.552,158.321,-159.040,-395.490,-48.020
995,50268.706000,246.116,48.786,-54.786,575.085,261.909,148.836,281.960,-245.490,-114.020
996,50268.746000,236.232,55.827,-49.805,575.960,254.864,136.913,245.960,-248.490,-73.020
997,50268.783000,233.266,62.868,-51.798,576.041,265.327,127.339,256.960,-277.490,-22.020
998,50268.823000,232.278,42.750,-60.763,577.926,263.103,113.564,259.960,-319.490,8.980
999,50268.863000,238.208,40.739,-66.739,579.928,272.571,102.011,288.960,-335.490,9.980
1000,50268.887000,232.278,49.792,-79.689,583.688,264.519,87.130,383.960,-377.490,35.980
1001,50268.927000,212.510,57.839,-58.770,586.658,273.997,75.579,603.960,-439.490,84.980
1002,50268.962000,298.502,67.898,-55.782,592.333,265.769,51.872,499.960,-653.490,250.980
1003,50269.8000,284.664,27.662,-99.611,594.157,258.560,32.103,711.960,-527.490,58.980
1004,50269.48000,236.232,26.656,-133.479,586.515,273.501,8.882,1478.960,-143.490,-225.020
1005,50269.88000,208.556,102.098,-119.533,584.682,289.426,-16.265,2482.960,204.510,-607.020
1006,50269.128000,211.521,93.045,-107.580,570.357,314.851,-45.151,3396.960,471.510,-928.020
1007,50269.168000,230.301,24.644,-102.599,551.058,325.709,-72.409,3957.960,739.510,-1225.020
1008,50269.185000,254.023,-14.585,-70.724,532.834,349.931,-110.156,4103.960,933.510,-1285.020
1009,50269.225000,258.965,-40.739,-61.759,521.165,350.120,-140.576,3754.960,1136.510,-1072.020
1010,50269.265000,263.907,-51.804,-52.794,511.458,352.356,-167.025,3321.960,1207.510,-814.020
1011,50269.305000,259.954,-47.780,-36.856,509.467,350.913,-187.655,3133.960,1075.510,-619.020
1012,50269.345000,256.988,-37.721,10.957,508.227,328.919,-216.585,3249.960,913.510,-586.020
1013,50269.382000,244.139,-61.862,2.988,508.914,305.110,-240.648,3157.960,763.510,-472.020
1014,50269.422000,229.313,-56.833,-22.911,511.608,287.296,-257.709,3405.960,628.510,-528.020
1015,50269.475000,223.382,-16.597,-66.739,510.239,253.501,-293.766,3852.960,433.510,-573.020
1016,50269.483000,211.521,10.562,-119.533,503.877,203.197,-328.238,4001.960,-60.490,-671.020
1017,50269.523000,220.417,73.933,-88.654,493.670,156.609,-368.520,3952.960,-453.490,-627.020
1018,50269.563000,247.104,147.363,-15.938,481.672,121.955,-394.812,1849.960,-676.490,-511.020
1019,50269.603000,250.069,37.721,-53.790,465.349,137.069,-406.279,-636.040,-853.490,-211.020
1020,50269.646000,229.313,-11.568,-110.568,450.901,146.335,-419.833,-446.040,-823.490,-177.020
1021,50269.686000,256.988,14.585,-101.603,437.431,156.602,-432.382,-249.040,-614.490,-319.020
1022,50269.726000,247.104,46.774,-96.623,423.921,162.079,-442.096,-177.040,-450.490,-438.020
1023,50269.766000,244.139,48.786,-98.615,414.419,181.251,-448.555,-68.040,-322.490,-456.020
1024,50269.806000,245.127,61.862,-89.650,401.862,183.955,-452.444,-68.040,-258.490,-392.020
1025,50269.828000,242.162,64.880,-105.588,393.214,190.602,-455.256,26.960,-192.490,-304.020
1026,50269.868000,261.931,34.703,-107.580,393.226,192.479,-458.157,223.960,-89.490,-297.020
1027,50269.908000,260.942,44.762,-96.623,390.298,190.444,-461.150,495.960,-12.490,-314.020
1028,50269.950000,219.429,68.904,-103.595,385.353,180.559,-467.264,652.960,1.510,-291.020
1029,50269.985000,209.544,72.927,-101.603,383.263,164.963,-469.576,734.960,42.510,-263.020
1030,50270.28000,205.591,79.969,-102.599,379.273,153.210,-472.787,650.960,32.510,-262.020
1031,50270.68000,201.637,69.910,-98.615,379.222,148.313,-474.857,646.960,-32.490,-241.020
1032,50270.108000,204.602,86.004,-92.638,374.274,138.406,-481.952,527.960,-134.490,-219.020
1033,50270.125000,205.591,63.874,-90.646,367.448,133.421,-485.019,369.960,-254.490,-197.020
1034,50270.165000,225.359,66.892,-93.634,359.670,131.209,-493.911,175.960,-456.490,-156.020
1035,50270.211000,255.012,50.798,-71.720,345.083,125.070,-501.923,131.960,-594.490,-88.020
1036,50270.246000,286.641,-7.544,-58.770,323.766,124.539,-516.690,330.960,-905.490,-126.020
1037,50270.286000,307.398,-37.721,-53.790,294.528,106.349,-536.768,765.960,-1152.490,-167.020
1038,50270.333000,381.529,-50.798,5.977,261.194,63.937,-553.470,1800.960,-1500.490,-119.020
1039,50270.376000,425.019,91.033,12.949,214.230,12.654,-570.398,2955.960,-1641.490,-276.020
1040,50270.411000,429.961,-16.597,-185.276,176.930,-42.159,-575.616,1946.960,-2155.490,182.980
1041,50270.423000,269.838,97.069,-211.175,122.247,-95.092,-575.926,1756.960,-1829.490,37.980
1042,50270.473000,173.961,-13.580,-148.420,95.936,-116.533,-568.612,1284.960,-942.490,-154.020
1043,50270.505000,135.413,67.898,0.000,102.313,-160.760,-552.909,1718.960,479.510,-295.020
1044,50270.558000,121.575,45.768,-18.926,148.698,-169.607,-534.375,639.960,1534.510,-394.020
1045,50270.610000,137.390,-18.609,-44.825,215.579,-160.693,-511.481,-76.040,2659.510,-282.020
1046,50270.631000,170.008,13.580,-82.677,271.790,-154.796,-488.676,-366.040,3368.510,-190.020
1047,50270.663000,227.336,59.851,-131.486,359.287,-122.556,-428.936,-1214.040,4067.510,-187.020
1048,50270.706000,347.923,87.010,-170.335,445.000,-79.203,-348.360,-2095.040,4349.510,-86.020
1049,50270.738000,398.332,135.293,-224.125,507.567,-32.732,-248.150,-2986.040,4435.510,-59.020
1050,50270.763000,456.649,87.010,-229.105,539.175,14.300,-152.896,-3682.040,3726.510,-303.020
1051,50270.810000,174.950,-87.010,-311.782,547.247,35.173,-89.653,-437.040,2386.510,-278.020
1052,50270.850000,114.656,103.104,-262.973,547.305,40.135,-84.640,199.960,-402.490,-367.020
1053,50270.890000,351.876,-162.452,118.537,540.448,40.134,-125.842,-1136.040,-2068.490,242.980
1054,50270.930000,346.934,-7.544,-321.743,526.978,57.435,-171.577,-5.040,-2118.490,-214.020
1055,50270.970000,82.039,243.929,-219.144,504.702,65.784,-223.414,-452.040,-1921.490,-209.020
1056,50271.10000,306.409,42.750,-84.669,490.221,74.747,-250.704,-1173.040,-1054.490,-87.020
1057,50271.47000,294.548,-74.939,-92.638,477.799,93.718,-265.019,-1256.040,-963.490,55.980
1058,50271.63000,274.780,-35.709,-93.634,473.035,104.048,-278.529,-537.040,-637.490,8.980
1059,50271.103000,258.965,-5.532,-72.716,466.247,103.831,-285.413,-340.040,-448.490,18.980
1060,50271.151000,252.046,6.538,-61.759,462.382,105.606,-291.266,-198.040,-352.490,-9.020
1061,50271.188000,254.023,14.585,-48.809,455.550,101.441,-301.179,-73.040,-357.490,7.980
1062,50271.231000,244.139,7.544,-50.802,445.884,104.065,-309.967,-156.040,-446.490,74.980
1063,50271.266000,236.232,23.639,-57.774,441.078,109.606,-320.641,-288.040,-590.490,174.980
1064,50271.308000,242.162,13.580,-60.763,430.374,106.266,-335.448,-342.040,-699.490,246.980
1065,50271.348000,243.151,10.562,-71.720,424.481,99.198,-345.424,-172.040,-817.490,338.980
1066,50271.365000,257.977,6.538,-54.786,407.029,98.661,-362.144,-67.040,-958.490,403.980
1067,50271.413000,272.803,-28.668,-28.887,389.467,88.265,-385.948,107.960,-1342.490,453.980
1068,50271.451000,340.015,-62.868,-4.981,360.237,73.679,-418.695,330.960,-1806.490,571.980
1069,50271.490000,511.012,62.868,106.584,318.259,41.472,-452.841,1323.960,-2052.490,687.980
1070,50271.530000,453.683,175.528,45.821,277.283,12.252,-483.976,581.960,-2080.490,1004.980
1071,50271.587000,297.514,93.045,-283.891,235.738,22.052,-505.421,-1075.040,-1989.490,1561.980
1072,50271.606000,214.486,-24.644,-191.253,213.627,39.030,-517.839,-1073.040,-1462.490,1613.980
1073,50271.646000,89.946,84.998,-92.638,203.955,39.842,-520.783,-501.040,-461.490,1423.980
1074,50271.670000,87.969,68.904,-59.767,229.254,52.924,-510.633,-902.040,1002.510,1310.980
1075,50271.710000,79.073,23.639,-103.595,284.637,71.606,-479.701,-902.040,1924.510,1208.980
1076,50271.750000,118.610,60.857,-101.603,360.179,69.601,-427.611,-378.040,3000.510,727.980
1077,50271.787000,154.193,87.010,-140.451,427.353,95.407,-342.560,-1075.040,3466.510,307.980
1078,50271.827000,244.139,96.063,-178.303,465.389,113.682,-278.331,-2085.040,3545.510,-4.020
1079,50271.867000,330.131,46.774,-202.210,499.876,154.356,-164.580,-2957.040,3565.510,-40.020
1080,50271.907000,350.888,110.145,-191.253,510.988,178.342,-49.287,-2764.040,3530.510,-201.020
1081,50271.947000,360.772,62.868,-179.300,504.631,198.103,58.031,-2446.040,3224.510,-606.020
1082,50271.971000,247.104,-90.028,-225.121,477.877,214.257,142.670,-1282.040,2959.510,-834.020
1083,50272.18000,154.193,88.016,-182.288,451.154,245.664,170.769,695.960,1171.510,-859.020
1084,50272.51000,142.332,76.951,-182.288,443.405,245.503,166.827,-565.040,-503.490,-476.020
1085,50272.91000,356.819,-135.293,135.471,455.001,245.486,160.967,-1694.040,-1154.490,76.980
1086,50272.131000,263.907,-69.910,-194.241,463.600,235.733,154.884,-1497.040,-1317.490,-194.020
1087,50272.171000,205.591,48.786,-49.805,468.360,233.278,129.343,-886.040,-1673.490,-259.020
